original,found_address,lat,lon,url,classification2,incident_type2,location,date2
"""Stillwater Police Department"" 
""Stillwater, Minn."", Minnesota","Stillwater Ave, Stillwater, MN 55082",45.065998,-92.810866,https://assets.nationbuilder.com/cuapb/pages/1472/attachments/original/1670343760/Miller_Davin_Ex-officer_charged_with_theft_from_Scouts.pdf?1670343760,News article,Lack of Standard Operating Procedure (SOP),"""Stillwater Police Department"" 
""Stillwater, Minn.""","October 23, 2000"
"Highway 169 near Belle Plaine, Minnesota","Belle Plaine, MN 56011",44.608912,-93.757888,https://assets.nationbuilder.com/cuapb/pages/1472/attachments/original/1672124550/Pasek_3_Belle_Plaine_officer_suspected_of_DWI_after_driving_96_mph_-_Bring_Me_The_News.pdf?1672124550,News article,Excessive Force,Highway 169 near Belle Plaine,"""March 8, 2018"""
"Hennepin County jail, Minnesota","Hennepin County, MN",45.006121,-93.475228,https://assets.nationbuilder.com/cuapb/pages/1472/attachments/original/1670604036/Nielsen_Robert_Report_Police_detective_from_area_jailed_Shakopee_News.pdf?1670604036,News article,Excessive Force,Hennepin County jail,09/20/2006
"UNKNOWN, Minnesota",Minnesota,46.316134,-94.19948,https://assets.nationbuilder.com/cuapb/pages/1462/attachments/original/1647659322/RCA-2022-00169_-_Legal_Settlement_Workers'_Compensation_claim_of_Jason_Wolff.pdf?1647659322,News article,Lack of Standard Operating Procedure (SOP),UNKNOWN,03/18/2022
"UNKNOWN, Minnesota",Minnesota,46.316134,-94.19948,https://assets.nationbuilder.com/cuapb/pages/1462/attachments/original/1647659325/RCA-2022-00175_-_Legal_Settlement_Workers'_Compensation_claim_of_Brian_Grahme.pdf?1647659325,News article,Lack of Standard Operating Procedure (SOP),UNKNOWN,"""March 18, 2022"""
"UNKNOWN, Minnesota",Minnesota,46.316134,-94.19948,https://assets.nationbuilder.com/cuapb/pages/1462/attachments/original/1647659326/RCA-2022-00188_-_Legal_Settlement_Workers'_Compensation_claim_of_Sherry_Appledorn.pdf?1647659326,News article,Lack of Standard Operating Procedure (SOP),UNKNOWN,03/07/2022
"UNKNOWN, Minnesota",Minnesota,46.316134,-94.19948,https://d3n8a8pro7vhmx.cloudfront.net/cuapb/pages/1462/attachments/original/1638637590/RCA-2021-00673_-_Legal_Settlement_Workers'_Compensation_claims_of_Jeffrey_Kading.pdf?1638637590,News article,Lack of Standard Operating Procedure (SOP),UNKNOWN,06/16/2021
"UNKNOWN, Minnesota",Minnesota,46.316134,-94.19948,https://d3n8a8pro7vhmx.cloudfront.net/cuapb/pages/1462/attachments/original/1638637587/RCA-2021-00438_-_Legal_Settlement_Workers'_Compensation_claim_of_Gregory_Freeman.pdf?1638637587,News article,Lack of Standard Operating Procedure (SOP),UNKNOWN,04/14/2021
"UNKNOWN, Minnesota",Minnesota,46.316134,-94.19948,https://d3n8a8pro7vhmx.cloudfront.net/cuapb/pages/1462/attachments/original/1638637583/RCA-2021-00426_-_Legal_Settlement_Workers'_Compensation_claim_of_Kyle_Severson.pdf?1638637583,News article,Lack of Standard Operating Procedure (SOP),UNKNOWN,04/14/2021
"UNKNOWN, Minnesota",Minnesota,46.316134,-94.19948,https://d3n8a8pro7vhmx.cloudfront.net/cuapb/pages/1462/attachments/original/1638637604/RCA-2021-01088_-_Legal_settlement_Workers'_Compensation_claim_of_David_Elliot.pdf?1638637604,News article,Lack of Standard Operating Procedure (SOP),UNKNOWN,09/22/2021
"UNKNOWN, Minnesota",Minnesota,46.316134,-94.19948,https://d3n8a8pro7vhmx.cloudfront.net/cuapb/pages/1462/attachments/original/1638994128/RCA-2021-01417_-_Legal_settlement_Workers'_Compensation_claim_of_Garry_Nordine.pdf?1638994128,News article,Lack of Standard Operating Procedure (SOP),UNKNOWN,"""December 8, 2021"""
"UNKNOWN, Minnesota",Minnesota,46.316134,-94.19948,https://d3n8a8pro7vhmx.cloudfront.net/cuapb/pages/270/attachments/original/1626561287/No_charges_in_officers'_kicking_incident.pdf?1626561287,News article,Excessive Force,UNKNOWN,August
"UNKNOWN, Minnesota",Minnesota,46.316134,-94.19948,https://assets.nationbuilder.com/cuapb/pages/1462/attachments/original/1647659322/RCA-2022-00169_-_Legal_Settlement_Workers'_Compensation_claim_of_Jason_Wolff.pdf?1647659322,News article,Lack of Standard Operating Procedure (SOP),UNKNOWN,03/18/2022
"UNKNOWN, Minnesota",Minnesota,46.316134,-94.19948,https://assets.nationbuilder.com/cuapb/pages/1462/attachments/original/1647659325/RCA-2022-00175_-_Legal_Settlement_Workers'_Compensation_claim_of_Brian_Grahme.pdf?1647659325,News article,Lack of Standard Operating Procedure (SOP),UNKNOWN,"""March 18, 2022"""
"UNKNOWN, Minnesota",Minnesota,46.316134,-94.19948,https://assets.nationbuilder.com/cuapb/pages/1462/attachments/original/1647659326/RCA-2022-00188_-_Legal_Settlement_Workers'_Compensation_claim_of_Sherry_Appledorn.pdf?1647659326,News article,Lack of Standard Operating Procedure (SOP),UNKNOWN,03/07/2022
"UNKNOWN, Minnesota",Minnesota,46.316134,-94.19948,https://d3n8a8pro7vhmx.cloudfront.net/cuapb/pages/1462/attachments/original/1638637590/RCA-2021-00673_-_Legal_Settlement_Workers'_Compensation_claims_of_Jeffrey_Kading.pdf?1638637590,News article,Lack of Standard Operating Procedure (SOP),UNKNOWN,06/16/2021
"UNKNOWN, Minnesota",Minnesota,46.316134,-94.19948,https://d3n8a8pro7vhmx.cloudfront.net/cuapb/pages/1462/attachments/original/1638637587/RCA-2021-00438_-_Legal_Settlement_Workers'_Compensation_claim_of_Gregory_Freeman.pdf?1638637587,News article,Lack of Standard Operating Procedure (SOP),UNKNOWN,04/14/2021
"UNKNOWN, Minnesota",Minnesota,46.316134,-94.19948,https://d3n8a8pro7vhmx.cloudfront.net/cuapb/pages/1462/attachments/original/1638637583/RCA-2021-00426_-_Legal_Settlement_Workers'_Compensation_claim_of_Kyle_Severson.pdf?1638637583,News article,Lack of Standard Operating Procedure (SOP),UNKNOWN,04/14/2021
"UNKNOWN, Minnesota",Minnesota,46.316134,-94.19948,https://d3n8a8pro7vhmx.cloudfront.net/cuapb/pages/1462/attachments/original/1638637604/RCA-2021-01088_-_Legal_settlement_Workers'_Compensation_claim_of_David_Elliot.pdf?1638637604,News article,Lack of Standard Operating Procedure (SOP),UNKNOWN,09/22/2021
"UNKNOWN, Minnesota",Minnesota,46.316134,-94.19948,https://d3n8a8pro7vhmx.cloudfront.net/cuapb/pages/1462/attachments/original/1638994128/RCA-2021-01417_-_Legal_settlement_Workers'_Compensation_claim_of_Garry_Nordine.pdf?1638994128,News article,Lack of Standard Operating Procedure (SOP),UNKNOWN,"""December 8, 2021"""
"UNKNOWN, Minnesota",Minnesota,46.316134,-94.19948,https://d3n8a8pro7vhmx.cloudfront.net/cuapb/pages/270/attachments/original/1626561287/No_charges_in_officers'_kicking_incident.pdf?1626561287,News article,Excessive Force,UNKNOWN,August
"UNKNOWN, Minnesota",Minnesota,46.316134,-94.19948,https://assets.nationbuilder.com/cuapb/pages/1462/attachments/original/1647659322/RCA-2022-00169_-_Legal_Settlement_Workers'_Compensation_claim_of_Jason_Wolff.pdf?1647659322,News article,Lack of Standard Operating Procedure (SOP),UNKNOWN,03/18/2022
"UNKNOWN, Minnesota",Minnesota,46.316134,-94.19948,https://assets.nationbuilder.com/cuapb/pages/1462/attachments/original/1647659325/RCA-2022-00175_-_Legal_Settlement_Workers'_Compensation_claim_of_Brian_Grahme.pdf?1647659325,News article,Lack of Standard Operating Procedure (SOP),UNKNOWN,"""March 18, 2022"""
"UNKNOWN, Minnesota",Minnesota,46.316134,-94.19948,https://assets.nationbuilder.com/cuapb/pages/1462/attachments/original/1647659326/RCA-2022-00188_-_Legal_Settlement_Workers'_Compensation_claim_of_Sherry_Appledorn.pdf?1647659326,News article,Lack of Standard Operating Procedure (SOP),UNKNOWN,03/07/2022
"UNKNOWN, Minnesota",Minnesota,46.316134,-94.19948,https://d3n8a8pro7vhmx.cloudfront.net/cuapb/pages/1462/attachments/original/1638637590/RCA-2021-00673_-_Legal_Settlement_Workers'_Compensation_claims_of_Jeffrey_Kading.pdf?1638637590,News article,Lack of Standard Operating Procedure (SOP),UNKNOWN,06/16/2021
"UNKNOWN, Minnesota",Minnesota,46.316134,-94.19948,https://d3n8a8pro7vhmx.cloudfront.net/cuapb/pages/1462/attachments/original/1638637587/RCA-2021-00438_-_Legal_Settlement_Workers'_Compensation_claim_of_Gregory_Freeman.pdf?1638637587,News article,Lack of Standard Operating Procedure (SOP),UNKNOWN,04/14/2021
"UNKNOWN, Minnesota",Minnesota,46.316134,-94.19948,https://d3n8a8pro7vhmx.cloudfront.net/cuapb/pages/1462/attachments/original/1638637583/RCA-2021-00426_-_Legal_Settlement_Workers'_Compensation_claim_of_Kyle_Severson.pdf?1638637583,News article,Lack of Standard Operating Procedure (SOP),UNKNOWN,04/14/2021
"UNKNOWN, Minnesota",Minnesota,46.316134,-94.19948,https://d3n8a8pro7vhmx.cloudfront.net/cuapb/pages/1462/attachments/original/1638637604/RCA-2021-01088_-_Legal_settlement_Workers'_Compensation_claim_of_David_Elliot.pdf?1638637604,News article,Lack of Standard Operating Procedure (SOP),UNKNOWN,09/22/2021
"UNKNOWN, Minnesota",Minnesota,46.316134,-94.19948,https://d3n8a8pro7vhmx.cloudfront.net/cuapb/pages/1462/attachments/original/1638994128/RCA-2021-01417_-_Legal_settlement_Workers'_Compensation_claim_of_Garry_Nordine.pdf?1638994128,News article,Lack of Standard Operating Procedure (SOP),UNKNOWN,"""December 8, 2021"""
"UNKNOWN, Minnesota",Minnesota,46.316134,-94.19948,https://d3n8a8pro7vhmx.cloudfront.net/cuapb/pages/270/attachments/original/1626561287/No_charges_in_officers'_kicking_incident.pdf?1626561287,News article,Excessive Force,UNKNOWN,August
"UNKNOWN, Minnesota",Minnesota,46.316134,-94.19948,https://assets.nationbuilder.com/cuapb/pages/1462/attachments/original/1647659322/RCA-2022-00169_-_Legal_Settlement_Workers'_Compensation_claim_of_Jason_Wolff.pdf?1647659322,News article,Lack of Standard Operating Procedure (SOP),UNKNOWN,03/18/2022
"UNKNOWN, Minnesota",Minnesota,46.316134,-94.19948,https://assets.nationbuilder.com/cuapb/pages/1462/attachments/original/1647659325/RCA-2022-00175_-_Legal_Settlement_Workers'_Compensation_claim_of_Brian_Grahme.pdf?1647659325,News article,Lack of Standard Operating Procedure (SOP),UNKNOWN,"""March 18, 2022"""
"UNKNOWN, Minnesota",Minnesota,46.316134,-94.19948,https://assets.nationbuilder.com/cuapb/pages/1462/attachments/original/1647659326/RCA-2022-00188_-_Legal_Settlement_Workers'_Compensation_claim_of_Sherry_Appledorn.pdf?1647659326,News article,Lack of Standard Operating Procedure (SOP),UNKNOWN,03/07/2022
"UNKNOWN, Minnesota",Minnesota,46.316134,-94.19948,https://d3n8a8pro7vhmx.cloudfront.net/cuapb/pages/1462/attachments/original/1638637590/RCA-2021-00673_-_Legal_Settlement_Workers'_Compensation_claims_of_Jeffrey_Kading.pdf?1638637590,News article,Lack of Standard Operating Procedure (SOP),UNKNOWN,06/16/2021
"UNKNOWN, Minnesota",Minnesota,46.316134,-94.19948,https://d3n8a8pro7vhmx.cloudfront.net/cuapb/pages/1462/attachments/original/1638637587/RCA-2021-00438_-_Legal_Settlement_Workers'_Compensation_claim_of_Gregory_Freeman.pdf?1638637587,News article,Lack of Standard Operating Procedure (SOP),UNKNOWN,04/14/2021
"UNKNOWN, Minnesota",Minnesota,46.316134,-94.19948,https://d3n8a8pro7vhmx.cloudfront.net/cuapb/pages/1462/attachments/original/1638637583/RCA-2021-00426_-_Legal_Settlement_Workers'_Compensation_claim_of_Kyle_Severson.pdf?1638637583,News article,Lack of Standard Operating Procedure (SOP),UNKNOWN,04/14/2021
"UNKNOWN, Minnesota",Minnesota,46.316134,-94.19948,https://d3n8a8pro7vhmx.cloudfront.net/cuapb/pages/1462/attachments/original/1638637604/RCA-2021-01088_-_Legal_settlement_Workers'_Compensation_claim_of_David_Elliot.pdf?1638637604,News article,Lack of Standard Operating Procedure (SOP),UNKNOWN,09/22/2021
"UNKNOWN, Minnesota",Minnesota,46.316134,-94.19948,https://d3n8a8pro7vhmx.cloudfront.net/cuapb/pages/1462/attachments/original/1638994128/RCA-2021-01417_-_Legal_settlement_Workers'_Compensation_claim_of_Garry_Nordine.pdf?1638994128,News article,Lack of Standard Operating Procedure (SOP),UNKNOWN,"""December 8, 2021"""
"UNKNOWN, Minnesota",Minnesota,46.316134,-94.19948,https://d3n8a8pro7vhmx.cloudfront.net/cuapb/pages/270/attachments/original/1626561287/No_charges_in_officers'_kicking_incident.pdf?1626561287,News article,Excessive Force,UNKNOWN,August
"520 Reform St, Minnesota",Minnesota,46.316134,-94.19948,https://d3n8a8pro7vhmx.cloudfront.net/cuapb/pages/270/attachments/original/1627047812/Off-duty_McLeod_County_deputy__Norwood_Young_America_man_from_April_17_shooting_identified.pdf?1627047812,News article,Excessive Force,520 Reform St,04/14/2023
"UNKNOWN, Minnesota",Minnesota,46.316134,-94.19948,https://assets.nationbuilder.com/cuapb/pages/1462/attachments/original/1647659322/RCA-2022-00169_-_Legal_Settlement_Workers'_Compensation_claim_of_Jason_Wolff.pdf?1647659322,News article,Lack of Standard Operating Procedure (SOP),UNKNOWN,03/18/2022
"UNKNOWN, Minnesota",Minnesota,46.316134,-94.19948,https://assets.nationbuilder.com/cuapb/pages/1462/attachments/original/1647659325/RCA-2022-00175_-_Legal_Settlement_Workers'_Compensation_claim_of_Brian_Grahme.pdf?1647659325,News article,Lack of Standard Operating Procedure (SOP),UNKNOWN,"""March 18, 2022"""
"UNKNOWN, Minnesota",Minnesota,46.316134,-94.19948,https://assets.nationbuilder.com/cuapb/pages/1462/attachments/original/1647659326/RCA-2022-00188_-_Legal_Settlement_Workers'_Compensation_claim_of_Sherry_Appledorn.pdf?1647659326,News article,Lack of Standard Operating Procedure (SOP),UNKNOWN,03/07/2022
"UNKNOWN, Minnesota",Minnesota,46.316134,-94.19948,https://d3n8a8pro7vhmx.cloudfront.net/cuapb/pages/1462/attachments/original/1638637590/RCA-2021-00673_-_Legal_Settlement_Workers'_Compensation_claims_of_Jeffrey_Kading.pdf?1638637590,News article,Lack of Standard Operating Procedure (SOP),UNKNOWN,06/16/2021
"UNKNOWN, Minnesota",Minnesota,46.316134,-94.19948,https://d3n8a8pro7vhmx.cloudfront.net/cuapb/pages/1462/attachments/original/1638637587/RCA-2021-00438_-_Legal_Settlement_Workers'_Compensation_claim_of_Gregory_Freeman.pdf?1638637587,News article,Lack of Standard Operating Procedure (SOP),UNKNOWN,04/14/2021
"UNKNOWN, Minnesota",Minnesota,46.316134,-94.19948,https://d3n8a8pro7vhmx.cloudfront.net/cuapb/pages/1462/attachments/original/1638637583/RCA-2021-00426_-_Legal_Settlement_Workers'_Compensation_claim_of_Kyle_Severson.pdf?1638637583,News article,Lack of Standard Operating Procedure (SOP),UNKNOWN,04/14/2021
"UNKNOWN, Minnesota",Minnesota,46.316134,-94.19948,https://d3n8a8pro7vhmx.cloudfront.net/cuapb/pages/1462/attachments/original/1638637604/RCA-2021-01088_-_Legal_settlement_Workers'_Compensation_claim_of_David_Elliot.pdf?1638637604,News article,Lack of Standard Operating Procedure (SOP),UNKNOWN,09/22/2021
"UNKNOWN, Minnesota",Minnesota,46.316134,-94.19948,https://d3n8a8pro7vhmx.cloudfront.net/cuapb/pages/1462/attachments/original/1638994128/RCA-2021-01417_-_Legal_settlement_Workers'_Compensation_claim_of_Garry_Nordine.pdf?1638994128,News article,Lack of Standard Operating Procedure (SOP),UNKNOWN,"""December 8, 2021"""
"UNKNOWN, Minnesota",Minnesota,46.316134,-94.19948,https://d3n8a8pro7vhmx.cloudfront.net/cuapb/pages/270/attachments/original/1626561287/No_charges_in_officers'_kicking_incident.pdf?1626561287,News article,Excessive Force,UNKNOWN,August
"""99th Street West and Nesbitt Avenue South"", Minnesota","99th Ave, Saint Cloud, MN 56301",45.50024,-94.315525,https://assets.nationbuilder.com/cuapb/pages/270/attachments/original/1671993107/Bloomington_police_identify_officers_involved_in_fatal_shooting_MPR_News.pdf?1671993107,News article,Excessive Force,"""99th Street West and Nesbitt Avenue South""","January 21, 2015"
"UNKNOWN, Minnesota",Minnesota,46.316134,-94.19948,https://assets.nationbuilder.com/cuapb/pages/1462/attachments/original/1647659322/RCA-2022-00169_-_Legal_Settlement_Workers'_Compensation_claim_of_Jason_Wolff.pdf?1647659322,News article,Lack of Standard Operating Procedure (SOP),UNKNOWN,03/18/2022
"UNKNOWN, Minnesota",Minnesota,46.316134,-94.19948,https://assets.nationbuilder.com/cuapb/pages/1462/attachments/original/1647659325/RCA-2022-00175_-_Legal_Settlement_Workers'_Compensation_claim_of_Brian_Grahme.pdf?1647659325,News article,Lack of Standard Operating Procedure (SOP),UNKNOWN,"""March 18, 2022"""
"UNKNOWN, Minnesota",Minnesota,46.316134,-94.19948,https://assets.nationbuilder.com/cuapb/pages/1462/attachments/original/1647659326/RCA-2022-00188_-_Legal_Settlement_Workers'_Compensation_claim_of_Sherry_Appledorn.pdf?1647659326,News article,Lack of Standard Operating Procedure (SOP),UNKNOWN,03/07/2022
"UNKNOWN, Minnesota",Minnesota,46.316134,-94.19948,https://d3n8a8pro7vhmx.cloudfront.net/cuapb/pages/1462/attachments/original/1638637590/RCA-2021-00673_-_Legal_Settlement_Workers'_Compensation_claims_of_Jeffrey_Kading.pdf?1638637590,News article,Lack of Standard Operating Procedure (SOP),UNKNOWN,06/16/2021
"UNKNOWN, Minnesota",Minnesota,46.316134,-94.19948,https://d3n8a8pro7vhmx.cloudfront.net/cuapb/pages/1462/attachments/original/1638637587/RCA-2021-00438_-_Legal_Settlement_Workers'_Compensation_claim_of_Gregory_Freeman.pdf?1638637587,News article,Lack of Standard Operating Procedure (SOP),UNKNOWN,04/14/2021
"UNKNOWN, Minnesota",Minnesota,46.316134,-94.19948,https://d3n8a8pro7vhmx.cloudfront.net/cuapb/pages/1462/attachments/original/1638637583/RCA-2021-00426_-_Legal_Settlement_Workers'_Compensation_claim_of_Kyle_Severson.pdf?1638637583,News article,Lack of Standard Operating Procedure (SOP),UNKNOWN,04/14/2021
"UNKNOWN, Minnesota",Minnesota,46.316134,-94.19948,https://d3n8a8pro7vhmx.cloudfront.net/cuapb/pages/1462/attachments/original/1638637604/RCA-2021-01088_-_Legal_settlement_Workers'_Compensation_claim_of_David_Elliot.pdf?1638637604,News article,Lack of Standard Operating Procedure (SOP),UNKNOWN,09/22/2021
"UNKNOWN, Minnesota",Minnesota,46.316134,-94.19948,https://d3n8a8pro7vhmx.cloudfront.net/cuapb/pages/1462/attachments/original/1638994128/RCA-2021-01417_-_Legal_settlement_Workers'_Compensation_claim_of_Garry_Nordine.pdf?1638994128,News article,Lack of Standard Operating Procedure (SOP),UNKNOWN,"""December 8, 2021"""
"UNKNOWN, Minnesota",Minnesota,46.316134,-94.19948,https://d3n8a8pro7vhmx.cloudfront.net/cuapb/pages/270/attachments/original/1626561287/No_charges_in_officers'_kicking_incident.pdf?1626561287,News article,Excessive Force,UNKNOWN,August
"UNKNOWN, Minnesota",Minnesota,46.316134,-94.19948,https://assets.nationbuilder.com/cuapb/pages/1462/attachments/original/1647659322/RCA-2022-00169_-_Legal_Settlement_Workers'_Compensation_claim_of_Jason_Wolff.pdf?1647659322,News article,Lack of Standard Operating Procedure (SOP),UNKNOWN,03/18/2022
"UNKNOWN, Minnesota",Minnesota,46.316134,-94.19948,https://assets.nationbuilder.com/cuapb/pages/1462/attachments/original/1647659325/RCA-2022-00175_-_Legal_Settlement_Workers'_Compensation_claim_of_Brian_Grahme.pdf?1647659325,News article,Lack of Standard Operating Procedure (SOP),UNKNOWN,"""March 18, 2022"""
"UNKNOWN, Minnesota",Minnesota,46.316134,-94.19948,https://assets.nationbuilder.com/cuapb/pages/1462/attachments/original/1647659326/RCA-2022-00188_-_Legal_Settlement_Workers'_Compensation_claim_of_Sherry_Appledorn.pdf?1647659326,News article,Lack of Standard Operating Procedure (SOP),UNKNOWN,03/07/2022
"UNKNOWN, Minnesota",Minnesota,46.316134,-94.19948,https://d3n8a8pro7vhmx.cloudfront.net/cuapb/pages/1462/attachments/original/1638637590/RCA-2021-00673_-_Legal_Settlement_Workers'_Compensation_claims_of_Jeffrey_Kading.pdf?1638637590,News article,Lack of Standard Operating Procedure (SOP),UNKNOWN,06/16/2021
"UNKNOWN, Minnesota",Minnesota,46.316134,-94.19948,https://d3n8a8pro7vhmx.cloudfront.net/cuapb/pages/1462/attachments/original/1638637587/RCA-2021-00438_-_Legal_Settlement_Workers'_Compensation_claim_of_Gregory_Freeman.pdf?1638637587,News article,Lack of Standard Operating Procedure (SOP),UNKNOWN,04/14/2021
"UNKNOWN, Minnesota",Minnesota,46.316134,-94.19948,https://d3n8a8pro7vhmx.cloudfront.net/cuapb/pages/1462/attachments/original/1638637583/RCA-2021-00426_-_Legal_Settlement_Workers'_Compensation_claim_of_Kyle_Severson.pdf?1638637583,News article,Lack of Standard Operating Procedure (SOP),UNKNOWN,04/14/2021
"UNKNOWN, Minnesota",Minnesota,46.316134,-94.19948,https://d3n8a8pro7vhmx.cloudfront.net/cuapb/pages/1462/attachments/original/1638637604/RCA-2021-01088_-_Legal_settlement_Workers'_Compensation_claim_of_David_Elliot.pdf?1638637604,News article,Lack of Standard Operating Procedure (SOP),UNKNOWN,09/22/2021
"UNKNOWN, Minnesota",Minnesota,46.316134,-94.19948,https://d3n8a8pro7vhmx.cloudfront.net/cuapb/pages/1462/attachments/original/1638994128/RCA-2021-01417_-_Legal_settlement_Workers'_Compensation_claim_of_Garry_Nordine.pdf?1638994128,News article,Lack of Standard Operating Procedure (SOP),UNKNOWN,"""December 8, 2021"""
"UNKNOWN, Minnesota",Minnesota,46.316134,-94.19948,https://d3n8a8pro7vhmx.cloudfront.net/cuapb/pages/270/attachments/original/1626561287/No_charges_in_officers'_kicking_incident.pdf?1626561287,News article,Excessive Force,UNKNOWN,August
"UNKNOWN, Minnesota",Minnesota,46.316134,-94.19948,https://assets.nationbuilder.com/cuapb/pages/1462/attachments/original/1647659322/RCA-2022-00169_-_Legal_Settlement_Workers'_Compensation_claim_of_Jason_Wolff.pdf?1647659322,News article,Lack of Standard Operating Procedure (SOP),UNKNOWN,03/18/2022
"UNKNOWN, Minnesota",Minnesota,46.316134,-94.19948,https://assets.nationbuilder.com/cuapb/pages/1462/attachments/original/1647659325/RCA-2022-00175_-_Legal_Settlement_Workers'_Compensation_claim_of_Brian_Grahme.pdf?1647659325,News article,Lack of Standard Operating Procedure (SOP),UNKNOWN,"""March 18, 2022"""
"UNKNOWN, Minnesota",Minnesota,46.316134,-94.19948,https://assets.nationbuilder.com/cuapb/pages/1462/attachments/original/1647659326/RCA-2022-00188_-_Legal_Settlement_Workers'_Compensation_claim_of_Sherry_Appledorn.pdf?1647659326,News article,Lack of Standard Operating Procedure (SOP),UNKNOWN,03/07/2022
"UNKNOWN, Minnesota",Minnesota,46.316134,-94.19948,https://d3n8a8pro7vhmx.cloudfront.net/cuapb/pages/1462/attachments/original/1638637590/RCA-2021-00673_-_Legal_Settlement_Workers'_Compensation_claims_of_Jeffrey_Kading.pdf?1638637590,News article,Lack of Standard Operating Procedure (SOP),UNKNOWN,06/16/2021
"UNKNOWN, Minnesota",Minnesota,46.316134,-94.19948,https://d3n8a8pro7vhmx.cloudfront.net/cuapb/pages/1462/attachments/original/1638637587/RCA-2021-00438_-_Legal_Settlement_Workers'_Compensation_claim_of_Gregory_Freeman.pdf?1638637587,News article,Lack of Standard Operating Procedure (SOP),UNKNOWN,04/14/2021
"UNKNOWN, Minnesota",Minnesota,46.316134,-94.19948,https://d3n8a8pro7vhmx.cloudfront.net/cuapb/pages/1462/attachments/original/1638637583/RCA-2021-00426_-_Legal_Settlement_Workers'_Compensation_claim_of_Kyle_Severson.pdf?1638637583,News article,Lack of Standard Operating Procedure (SOP),UNKNOWN,04/14/2021
"UNKNOWN, Minnesota",Minnesota,46.316134,-94.19948,https://d3n8a8pro7vhmx.cloudfront.net/cuapb/pages/1462/attachments/original/1638637604/RCA-2021-01088_-_Legal_settlement_Workers'_Compensation_claim_of_David_Elliot.pdf?1638637604,News article,Lack of Standard Operating Procedure (SOP),UNKNOWN,09/22/2021
"UNKNOWN, Minnesota",Minnesota,46.316134,-94.19948,https://d3n8a8pro7vhmx.cloudfront.net/cuapb/pages/1462/attachments/original/1638994128/RCA-2021-01417_-_Legal_settlement_Workers'_Compensation_claim_of_Garry_Nordine.pdf?1638994128,News article,Lack of Standard Operating Procedure (SOP),UNKNOWN,"""December 8, 2021"""
"UNKNOWN, Minnesota",Minnesota,46.316134,-94.19948,https://d3n8a8pro7vhmx.cloudfront.net/cuapb/pages/270/attachments/original/1626561287/No_charges_in_officers'_kicking_incident.pdf?1626561287,News article,Excessive Force,UNKNOWN,August
"Robbinsdale Police Department, Minnesota","Robbinsdale, MN 55422",45.032187,-93.338561,https://d3n8a8pro7vhmx.cloudfront.net/cuapb/pages/270/attachments/original/1626881762/Man__officers_involved_in_deadly_confrontation_in_Robbinsdale_identified.pdf?1626881762,News article,Excessive Force,Robbinsdale Police Department,01/27/2023
"""53rd and Emerson Avenues N."", Minnesota","3rd St NE, Avon, MN 56310",45.611327,-94.445783,https://d3n8a8pro7vhmx.cloudfront.net/cuapb/pages/270/attachments/original/1618250346/Officer_in_fatal_Brooklyn_Center_shooting_is_identified_-_StarTribune.com.pdf?1618250346,News article,Excessive Force,"""53rd and Emerson Avenues N.""",06/05/2012
"""2700 block of Bloomington Avenue South""
""2700 block of 16th Avenue South"", Minnesota","Lake Cir, Sauk Centre, MN 56378",45.76291,-94.94625,https://d3n8a8pro7vhmx.cloudfront.net/cuapb/pages/270/attachments/original/1606188077/Illya_Kuznedtsov_Article.pdf?1606188077,News article,Excessive Force,"""2700 block of Bloomington Avenue South""
""2700 block of 16th Avenue South""",10/05/2020
"Andover home, Minnesota","Andover, MN 55304",45.237661,-93.272428,https://d3n8a8pro7vhmx.cloudfront.net/cuapb/pages/270/attachments/original/1614610533/Abdulkadir_MPD_rehires_officer_fired_over_domestic_assault_charge_-_StarTribune.com.pdf?1614610533,News article,Excessive Force,Andover home,05/18/2012
"Andover home, Minnesota","Andover, MN 55304",45.237661,-93.272428,https://d3n8a8pro7vhmx.cloudfront.net/cuapb/pages/270/attachments/original/1614610239/Abdulkadir_Minneapolis_cop_accused_of_attacking_his_wife_%E2%80%93_Twin_Cities.pdf?1614610239,News article,Excessive Force,Andover home,01/21/2011
"""Interstate Hwy. 35E and University Avenue"", Minnesota","Interstate Dr, Melrose, MN 56352",45.674328,-94.837227,https://d3n8a8pro7vhmx.cloudfront.net/cuapb/pages/270/attachments/original/1509687779/Mark_Kaspszak_MPD_Arrested_for_DWI_010606.pdf?1509687779,News article,"Excessive Force is not applicable here as there's no mention of the officer using force against anyone.
 
Lack of Standard Operating Procedure (SOP) is also not applicable as this incident does not involve a failure to follow police procedures.

Disorderly Conduct is not applicable as well, since the incident described involves driving under the influence rather than disorderly behavior.

The correct category for this incident is:

DWI","""Interstate Hwy. 35E and University Avenue""",01/04/2006
"""Waltham"", Minnesota","Waltham, MN 55982",43.82163,-92.87713,https://assets.nationbuilder.com/cuapb/pages/1472/attachments/original/1670569752/Mindrup_Southern_Minnesota_police_chief_fired_after_sex_assault_charges_-_Bring_Me_The_News.pdf?1670569752,News article,Sexual misconduct,"""Waltham""",03/08/2018
"""City/State/Zip: N/A"", Minnesota",Minnesota,46.316134,-94.19948,https://assets.nationbuilder.com/cuapb/pages/1509/attachments/original/1753847498/18-00560_Kyle_Pond.pdf?1753847498,News article,Lack of Standard Operating Procedure (SOP),"""City/State/Zip: N/A""",05/07/2017
"350 S. 5th St., Minnesota",Minnesota,46.316134,-94.19948,https://d3n8a8pro7vhmx.cloudfront.net/cuapb/pages/270/attachments/original/1615946180/2021_Open-Letter-From-Mpls-Police-Leaders-to-Everyone.pdf?1615946180,News article,Excessive Force,350 S. 5th St.,05/31/2020
"Brownsdale, Minnesota","Brownsdale, MN 55918",43.746834,-92.866996,https://assets.nationbuilder.com/cuapb/pages/1472/attachments/original/1670569758/Mindrup_Former_Brownsdale_chief_gets_7.5_years_for_sexual_assault_-_Austin_Daily_Herald.pdf?1670569758,News article,Sexual misconduct,Brownsdale,"February 6, 2015"
"""Light rail tracks"", Minnesota",Minnesota,46.316134,-94.19948,https://d3n8a8pro7vhmx.cloudfront.net/cuapb/pages/270/attachments/original/1626884720/Transit_cop_targeted_by_protesters_loses_job.pdf?1626884720,News article,Excessive Force,"""Light rail tracks""",August
"Brooklyn Center, MN 55430-2910, Minnesota","Minneapolis, MN 55430",45.063923,-93.302227,https://assets.nationbuilder.com/cuapb/pages/1472/attachments/original/1669439949/Koenig_02-VB-13-22300_Register_of_Actions.pdf?1669439949,News article,Disorderly Conduct,"Brooklyn Center, MN 55430-2910",09/12/2013
"""Forest Lake"", Minnesota","Forest Lake, MN 55025",45.246466,-92.949266,https://assets.nationbuilder.com/cuapb/pages/270/attachments/original/1655880723/Cops_Cleared_in_Bradley_Erickson_Shooting_Death.pdf?1655880723,News article,Excessive Force,"""Forest Lake""",11/28/2021
"UNKNOWN, Minnesota",Minnesota,46.316134,-94.19948,https://assets.nationbuilder.com/cuapb/pages/1462/attachments/original/1647659322/RCA-2022-00169_-_Legal_Settlement_Workers'_Compensation_claim_of_Jason_Wolff.pdf?1647659322,News article,Lack of Standard Operating Procedure (SOP),UNKNOWN,03/18/2022
"UNKNOWN, Minnesota",Minnesota,46.316134,-94.19948,https://assets.nationbuilder.com/cuapb/pages/1462/attachments/original/1647659325/RCA-2022-00175_-_Legal_Settlement_Workers'_Compensation_claim_of_Brian_Grahme.pdf?1647659325,News article,Lack of Standard Operating Procedure (SOP),UNKNOWN,"""March 18, 2022"""
"UNKNOWN, Minnesota",Minnesota,46.316134,-94.19948,https://assets.nationbuilder.com/cuapb/pages/1462/attachments/original/1647659326/RCA-2022-00188_-_Legal_Settlement_Workers'_Compensation_claim_of_Sherry_Appledorn.pdf?1647659326,News article,Lack of Standard Operating Procedure (SOP),UNKNOWN,03/07/2022
"UNKNOWN, Minnesota",Minnesota,46.316134,-94.19948,https://d3n8a8pro7vhmx.cloudfront.net/cuapb/pages/1462/attachments/original/1638637590/RCA-2021-00673_-_Legal_Settlement_Workers'_Compensation_claims_of_Jeffrey_Kading.pdf?1638637590,News article,Lack of Standard Operating Procedure (SOP),UNKNOWN,06/16/2021
"UNKNOWN, Minnesota",Minnesota,46.316134,-94.19948,https://d3n8a8pro7vhmx.cloudfront.net/cuapb/pages/1462/attachments/original/1638637587/RCA-2021-00438_-_Legal_Settlement_Workers'_Compensation_claim_of_Gregory_Freeman.pdf?1638637587,News article,Lack of Standard Operating Procedure (SOP),UNKNOWN,04/14/2021
"UNKNOWN, Minnesota",Minnesota,46.316134,-94.19948,https://d3n8a8pro7vhmx.cloudfront.net/cuapb/pages/1462/attachments/original/1638637583/RCA-2021-00426_-_Legal_Settlement_Workers'_Compensation_claim_of_Kyle_Severson.pdf?1638637583,News article,Lack of Standard Operating Procedure (SOP),UNKNOWN,04/14/2021
"UNKNOWN, Minnesota",Minnesota,46.316134,-94.19948,https://d3n8a8pro7vhmx.cloudfront.net/cuapb/pages/1462/attachments/original/1638637604/RCA-2021-01088_-_Legal_settlement_Workers'_Compensation_claim_of_David_Elliot.pdf?1638637604,News article,Lack of Standard Operating Procedure (SOP),UNKNOWN,09/22/2021
"UNKNOWN, Minnesota",Minnesota,46.316134,-94.19948,https://d3n8a8pro7vhmx.cloudfront.net/cuapb/pages/1462/attachments/original/1638994128/RCA-2021-01417_-_Legal_settlement_Workers'_Compensation_claim_of_Garry_Nordine.pdf?1638994128,News article,Lack of Standard Operating Procedure (SOP),UNKNOWN,"""December 8, 2021"""
"UNKNOWN, Minnesota",Minnesota,46.316134,-94.19948,https://d3n8a8pro7vhmx.cloudfront.net/cuapb/pages/270/attachments/original/1626561287/No_charges_in_officers'_kicking_incident.pdf?1626561287,News article,Excessive Force,UNKNOWN,August
"""Bogart's Place in Apple Valley"", Minnesota","Apple Valley, MN 55124",44.731909,-93.21772,https://d3n8a8pro7vhmx.cloudfront.net/cuapb/pages/270/attachments/original/1617635746/Another_MPD_officer_accused_of_using_racial_slur_in_Apple_Valley_fight_-_Bring_Me_The_News.pdf?1617635746,News article,Discrimination,"""Bogart's Place in Apple Valley""",03/08/2018
"""900 block of St. Anthony Avenue"", Minnesota","840 Lake Ave, Albany, MN 56307",45.63353,-94.574169,https://d3n8a8pro7vhmx.cloudfront.net/cuapb/pages/270/attachments/original/1615903601/BCA_investigation_complete_in_St._Paul_officer-involved_shooting_of_Billy_Hughes.pdf?1615903601,News article,Excessive Force,"""900 block of St. Anthony Avenue""",02/22/2021
"""Nielsen's house south of Albert Lea"", Minnesota","Southview Ln, Albert Lea, MN 56007",43.637159,-93.391485,https://assets.nationbuilder.com/cuapb/pages/1472/attachments/original/1670746739/Nielsen_Alan_Ex-Cop_and_Firefighter_Charged.pdf?1670746739,News article,Excessive Force,"""Nielsen's house south of Albert Lea""",08/28/2008
"Woodbury, Minnesota","Woodbury, MN 55125",44.923855,-92.95938,https://d3n8a8pro7vhmx.cloudfront.net/cuapb/pages/270/attachments/original/1509688252/Scott_Trautner_Sexual_Conduct_Article.pdf?1509688252,News article,Sexual misconduct,Woodbury,04/21/2006
"Plato Boulevard and Wabasha Street, Minnesota","Wabasha, MN 55981",44.3579,-92.087925,https://d3n8a8pro7vhmx.cloudfront.net/cuapb/pages/270/attachments/original/1626486181/Man_shot_and_killed_by_St._Paul_police_is_identified.pdf?1626486181,News article,Excessive Force,Plato Boulevard and Wabasha Street,08/29/2023
"""Vermillion River near Duchene's Landing public boat access in Ravenna Township"" 
""1800 block of Columbus Avenue S."", Minnesota","Avon, MN 56310",45.599386,-94.436477,https://d3n8a8pro7vhmx.cloudfront.net/cuapb/pages/270/attachments/original/1613597722/Chauvin_Shooting_Article.pdf?1613597722,News article,Excessive Force,"""Vermillion River near Duchene's Landing public boat access in Ravenna Township"" 
""1800 block of Columbus Avenue S.""","May 28, 2008"
"992 Arcade Street, Minnesota",Minnesota,46.316134,-94.19948,https://assets.nationbuilder.com/cuapb/pages/1473/attachments/original/1709524244/Tou_Mo_Cha_SPPD.pdf?1709524244,News article,Arson,992 Arcade Street,08/09/2023
"""St. Louis Park hotel"" 
""A gas station in Minneapolis"", Minnesota","Minneapolis, MN 55401",44.984577,-93.269097,https://assets.nationbuilder.com/cuapb/pages/1472/attachments/original/1669439604/Koenig_Officer_charged_with_having_sex_with_minors.pdf?1669439604,News article,Sexual misconduct,"""St. Louis Park hotel"" 
""A gas station in Minneapolis""","June 10, 2001"
"""Brittany's Place"", Minnesota",Minnesota,46.316134,-94.19948,https://d3n8a8pro7vhmx.cloudfront.net/cuapb/pages/270/attachments/original/1618066092/Michael_P_Soucheray.pdf?1618066092,News article,Excessive Force,"""Brittany's Place""",03/16/2017
"""Reform St"" 
ENCODING ERROR, Minnesota",Minnesota,46.316134,-94.19948,https://d3n8a8pro7vhmx.cloudfront.net/cuapb/pages/270/attachments/original/1626361569/Officers_identified_in_deadly_Richfield_officer-involved_shooting.pdf?1626361569,News article,Excessive Force,"""Reform St"" 
ENCODING ERROR",09/30/2023
"""Reform St"" 
ENCODING ERROR, Minnesota",Minnesota,46.316134,-94.19948,https://d3n8a8pro7vhmx.cloudfront.net/cuapb/pages/270/attachments/original/1616263400/2019_Judge_dismisses_lawsuit_brought_by_St._Paul_man_detained_in_a_hot_police_squad.pdf?1616263400,News article,Excessive Force,"""Reform St"" 
ENCODING ERROR",05/30/2019
"""65 mph on Freeways and Expressways"", Minnesota",Minnesota,46.316134,-94.19948,https://assets.nationbuilder.com/cuapb/pages/1472/attachments/original/1670225240/Lettner_Criminal_History.pdf?1670225240,News article,Disorderly Conduct,"""65 mph on Freeways and Expressways""",09/29/2017
"""Downtown apartment building"", Minnesota","Taunton, MN 56291",44.59357,-96.06587,https://d3n8a8pro7vhmx.cloudfront.net/cuapb/pages/270/attachments/original/1626645205/Sundiata_Bronson_2.pdf?1626645205,News article,Excessive Force,"""Downtown apartment building""",09/17/2014
"1501 Hennepin Avenue, Minnesota","1501 Hennepin Ave, Minneapolis, MN 55403",44.972438,-93.284456,https://d3n8a8pro7vhmx.cloudfront.net/cuapb/pages/270/attachments/original/1613854074/MCTC_Letter_re_Barze.pdf?1613854074,News article,Excessive Force,1501 Hennepin Avenue,"August 25, 2018"
"Learning Lodge day care center in Ramsey, Minnesota","Ramsey, MN 55303",45.2611,-93.45,https://d3n8a8pro7vhmx.cloudfront.net/cuapb/pages/270/attachments/original/1626884305/Prosecutors__Police_justified_in_fatal_shooting_of_man_outside_Ramsey_day_care_%281%29.pdf?1626884305,News article,Excessive Force,Learning Lodge day care center in Ramsey,08/25/2023
"Kwik Trip Stores in Rochester, Minnesota","Rochester, MN 55901",44.075285,-92.516916,https://assets.nationbuilder.com/cuapb/pages/1472/attachments/original/1672127099/Peters_Theft_Register_of_Actions.pdf?1672127099,News article,Theft,Kwik Trip Stores in Rochester,09/08/2004
"Roosevelt H.S., Minnesota","Roosevelt, MN 56673",48.80359,-95.09689,https://d3n8a8pro7vhmx.cloudfront.net/cuapb/pages/1461/attachments/original/1638407623/13-30003_Tapp_Part_12.pdf?1638407623,News article,Excessive Force,Roosevelt H.S.,04/20/2010
"Roosevelt H.S., Minnesota","Roosevelt, MN 56673",48.80359,-95.09689,https://d3n8a8pro7vhmx.cloudfront.net/cuapb/pages/1461/attachments/original/1638407619/13-30003_Tapp_Part_11.pdf?1638407619,News article,Excessive Force,Roosevelt H.S.,
"Roosevelt H.S., Minnesota","Roosevelt, MN 56673",48.80359,-95.09689,https://d3n8a8pro7vhmx.cloudfront.net/cuapb/pages/1461/attachments/original/1638407659/13-30003_Tapp_Part_5.pdf?1638407659,News article,Excessive Force,Roosevelt H.S.,"04/21/2010
04/22/2010"
"Garrison, Minn., Minnesota","Garrison, MN 56450",46.2944,-93.82692,https://assets.nationbuilder.com/cuapb/pages/270/attachments/original/1649604741/Russell_James_Bankey_Sexual_Assault_Charge.pdf?1649604741,News article,Sexual misconduct,"Garrison, Minn.",02/10/2022
"Farmington Police Department, Minnesota","Farmington, MN 55024",44.640515,-93.14196,https://d3n8a8pro7vhmx.cloudfront.net/cuapb/pages/270/attachments/original/1618004621/Jeremy_Buss.pdf?1618004621,News article,Sexual misconduct,Farmington Police Department,04/29/05
"Farmington Police Department, Minnesota","Farmington, MN 55024",44.640515,-93.14196,https://d3n8a8pro7vhmx.cloudfront.net/cuapb/pages/270/attachments/original/1618004628/Jeremy_Buss_2.pdf?1618004628,News article,Sexual misconduct,Farmington Police Department,03/15/2021
"""Minneapolis, MN 55487"", Minnesota","Minneapolis, MN 55487",45.015914,-93.47188,https://d3n8a8pro7vhmx.cloudfront.net/cuapb/pages/270/attachments/original/1625759106/27-CV-02-003932_Bolden_vs_Timothy_Callahan.pdf?1625759106,News article,Other,"""Minneapolis, MN 55487""",03/01/2002
"""St Paul"", Minnesota","Saint Paul, MN 55101",44.951483,-93.090649,https://d3n8a8pro7vhmx.cloudfront.net/cuapb/pages/270/attachments/original/1511324955/Cory_James_Kochendorfer_Article.pdf?1511324955,News article,Excessive Force,"""St Paul""",11/13/2017
"661 Geranium Street East, Minnesota",Minnesota,46.316134,-94.19948,https://assets.nationbuilder.com/cuapb/pages/1472/attachments/original/1669352157/Charges_Video_shows_Ramsey_County_sergeant_stealing_cash_during_bedroom_search_-_Bring_Me_The_News.pdf?1669352157,News article,Theft,661 Geranium Street East,"March 18, 2019"
"""Outside his home"" 
""Outside his home"", Minnesota",Minnesota,46.316134,-94.19948,https://d3n8a8pro7vhmx.cloudfront.net/cuapb/pages/270/attachments/original/1614955528/Boyd_Minneapolis_poised_to_approve_settlements_in_suits_alleging_excessive_force_-_StarTribune.com.pdf?1614955528,News article,Excessive Force,"""Outside his home"" 
""Outside his home""",11/15/2016
"300 block of 4th Avenue E. in Alexandria, Minnesota","304 4th Ave E, Alexandria, MN 56308",45.888009,-95.374135,https://d3n8a8pro7vhmx.cloudfront.net/cuapb/pages/270/attachments/original/1626796015/Authorities_ID_victim_in_officer-involved_shooting_in_Alexandria__Minn_.pdf?1626796015,News article,Excessive Force,300 block of 4th Avenue E. in Alexandria,08/17/2023
"""Peter Cox St."", Minnesota",Minnesota,46.316134,-94.19948,https://d3n8a8pro7vhmx.cloudfront.net/cuapb/pages/270/attachments/original/1618249167/Federal_judge_dismisses_wrongful_death_suit_against_Brooklyn_Center_officer___MPR_News.pdf?1618249167,News article,Excessive Force,"""Peter Cox St.""",09/08/2014
"""their residence in Carlton"" 
""Carlton County Court""
""Carlton County Sheriff's Department""
""Carlton"", Minnesota","Carlton, MN 55718",46.66306,-92.42778,https://assets.nationbuilder.com/cuapb/pages/1472/attachments/original/1670226649/Lindberg_Part-time_Babbitt_police_officer_charged_with_felony_domestic_assault_of_his_girlfriend_News_mesabitribune.com.pdf?1670226649,News article,Excessive Force,"""their residence in Carlton"" 
""Carlton County Court""
""Carlton County Sheriff's Department""
""Carlton""",03/24/2011
"Rice Street near the scene where St. Paul police shot a man earlier in the night in St. Paul., Minnesota","Rice St, Saint Paul, MN 55103",44.96176,-93.106151,https://d3n8a8pro7vhmx.cloudfront.net/cuapb/pages/270/attachments/original/1617369658/AG_Ellison's_office__Washington_County_attorney_to_review_shooting_by_St._Paul_cop___MPR_News.pdf?1617369658,News article,Excessive Force,Rice Street near the scene where St. Paul police shot a man earlier in the night in St. Paul.,12/04/2020
"Chatfield Police Department, Minnesota","Chatfield, MN 55923",43.84552,-92.18905,https://assets.nationbuilder.com/cuapb/pages/1472/attachments/original/1670225247/Lettner_Officer_among_those_charged_in_area_thefts_-_Post_Bulletin.pdf?1670225247,News article,Lack of Standard Operating Procedure (SOP),Chatfield Police Department,"November 04, 2004"
"38th and Snelling Avenue South, Minnesota","38th St S, Saint Cloud, MN 56301",45.502897,-94.182495,https://d3n8a8pro7vhmx.cloudfront.net/cuapb/pages/270/attachments/original/1625768156/Police_Uniform__Gun_Stolen_From_Off-Duty_Mpls._Cop%E2%80%99s_Truck.pdf?1625768156,News article,Disorderly Conduct,38th and Snelling Avenue South,11/27/2023
"1200 block of Ironwood Lane, Minnesota",Minnesota,46.316134,-94.19948,https://d3n8a8pro7vhmx.cloudfront.net/cuapb/pages/270/attachments/original/1626788355/BCA__Eagan_suspect_was_shot_in_head__but_did_he_or_police_fire_the_fatal_shot_.pdf?1626788355,News article,Excessive Force,1200 block of Ironwood Lane,08/27/2023
"""Brooklyn Center"", Minnesota","Brooklyn Center, MN 55430",45.077457,-93.324835,https://d3n8a8pro7vhmx.cloudfront.net/cuapb/pages/270/attachments/original/1618243279/Officers_ID'd_in_Brooklyn_Center_fatal_shooting___MPR_News.pdf?1618243279,News article,Excessive Force,"""Brooklyn Center""",09/06/2019
"""St. Joseph Police Department"", Minnesota","Saint Joseph, MN 56374",45.56496,-94.31833,https://assets.nationbuilder.com/cuapb/pages/1472/attachments/original/1669434491/Klein_Former_St._Joe_police_chief's_license_revoked_for_sexual_harassment_St_Cloud_Times.pdf?1669434491,News article,Sexual misconduct,"""St. Joseph Police Department""","April 9, 2019"
"Green Bay, Wis., Minnesota","Crown, MN 55005",45.396107,-93.218465,https://d3n8a8pro7vhmx.cloudfront.net/cuapb/pages/270/attachments/original/1626458117/Commission_Upholds_The_Firing_Of_2_Mpls._Cops.pdf?1626458117,News article,Sexual misconduct,"Green Bay, Wis.","""last year""
 
However, I will provide a more specific date in the format requested: 

N/A"
"""Ramsey County Correctional Facility"" 
""St. Paul Police Department, 19003128"" 
""Ramsey Co District Court St. Paul"" 
""Law Library Fees $10.00 St. Paul Fines 2/3 $150.00 Ramsey County Surcharge $1 .00 Crim/Trafc Surcharge (once per caSe) $75.00 Public Defender Co-Payment $75.00 i I I (waived)"", Minnesota",Not Found,,,https://assets.nationbuilder.com/cuapb/pages/1472/attachments/original/1669351682/MCRO_62-CR-19-4089_Sentencing_Order_2020-02-03_20221124224607.pdf?1669351682,News article,Excessive Force,"""Ramsey County Correctional Facility"" 
""St. Paul Police Department, 19003128"" 
""Ramsey Co District Court St. Paul"" 
""Law Library Fees $10.00 St. Paul Fines 2/3 $150.00 Ramsey County Surcharge $1 .00 Crim/Trafc Surcharge (once per caSe) $75.00 Public Defender Co-Payment $75.00 i I I (waived)""",02/03/2020
"""Minneapolis Police Department"", Minnesota","Minneapolis, MN 55401",44.984577,-93.269097,https://d3n8a8pro7vhmx.cloudfront.net/cuapb/pages/270/attachments/original/1615993310/Mpls._will_settle_with_K-9_officer_who_complained_of_harassment_by_supervisor_-_StarTribune.com.pdf?1615993310,News article,Discrimination,"""Minneapolis Police Department""",12/17/2019
"""Minneapolis Police Department"", Minnesota","Minneapolis, MN 55401",44.984577,-93.269097,https://d3n8a8pro7vhmx.cloudfront.net/cuapb/pages/270/attachments/original/1615987486/2008Roberts_Minneapolis_cop_indicted_on_corruption_charges.pdf?1615987486,News article,Corruption,"""Minneapolis Police Department""",07/14/2008
"""Minneapolis Police Department"", Minnesota","Minneapolis, MN 55401",44.984577,-93.269097,https://d3n8a8pro7vhmx.cloudfront.net/cuapb/pages/270/attachments/original/1618168204/Cop_Gets__585K_After_Colleagues_Snooped_on_Her_DMV_Data___WIRED.pdf?1618168204,News article,Verbal Abuse,"""Minneapolis Police Department""",04/11/2021
"""Minneapolis Police Department"", Minnesota","Minneapolis, MN 55401",44.984577,-93.269097,https://d3n8a8pro7vhmx.cloudfront.net/cuapb/pages/270/attachments/original/1617895196/USCOURTS-mnd-0_14-cv-01467-0.pdf?1617895196,News article,Excessive Force,"""Minneapolis Police Department""",05/10/2013
"1700 block of Diane Road in Mendota Heights., Minnesota","Blake Path, Inver Grove Heights, MN 55076",44.84658,-93.053444,https://d3n8a8pro7vhmx.cloudfront.net/cuapb/pages/270/attachments/original/1625773733/Mpls._officer_shot_by_colleague_commits_suicide___MPR_News.pdf?1625773733,News article,Other,1700 block of Diane Road in Mendota Heights.,06/07/2010
"""Roseville Walgreen's store"", Minnesota","Roseville, MN 55113",45.006077,-93.156611,https://d3n8a8pro7vhmx.cloudfront.net/cuapb/pages/270/attachments/original/1616253660/2008Arnold_St._Paul_officer's_record_now_at_issue.pdf?1616253660,News article,Disorderly Conduct,"""Roseville Walgreen's store""",04/07/2008
"12450 Business Park Blvd., Champlin, MN., Minnesota","12450 Business Park Blvd N, Champlin, MN 55316",45.178952,-93.390859,https://d3n8a8pro7vhmx.cloudfront.net/cuapb/pages/1461/attachments/original/1638332044/13-31443_Novak_Part_1.pdf?1638332044,News article,Disorderly Conduct,"12450 Business Park Blvd., Champlin, MN.",10/27/2012
"""A house party in Minneapolis"", Minnesota","Minneapolis, MN 55401",44.984577,-93.269097,https://assets.nationbuilder.com/cuapb/pages/1472/attachments/original/1670303946/Mars_Two_former_Minneapolis_cops_sentenced_to_home_monitoring_for_firing_guns_during_a_party_%E2%80%93_Twin_Cities.pdf?1670303946,News article,Excessive Force,"""A house party in Minneapolis""",01/29/2009
"U.S. District Court in St. Paul, Minnesota, Minnesota","Saint Paul, MN 55101",44.951483,-93.090649,https://d3n8a8pro7vhmx.cloudfront.net/cuapb/pages/270/attachments/original/1604696008/TY_JINDRA_Federal_Indictment_Media_Release.pdf?1604696008,News article,Lack of Standard Operating Procedure (SOP),"U.S. District Court in St. Paul, Minnesota",09/2017 - 10/2019
"""3rd Ave S / 10th St S"", Minnesota","3rd St NE, Avon, MN 56310",45.611327,-94.445783,https://d3n8a8pro7vhmx.cloudfront.net/cuapb/pages/1461/attachments/original/1638069137/13-30350_Bronson_Part_2.pdf?1638069137,News article,Lack of Standard Operating Procedure (SOP),"""3rd Ave S / 10th St S""",09/28/2010
"""James Keten's duplex"", Minnesota",Minnesota,46.316134,-94.19948,https://d3n8a8pro7vhmx.cloudfront.net/cuapb/pages/270/attachments/original/1618069835/April_6__Family_wins__225_000_settlement_against_Minneapolis_police_-_StarTribune.com.pdf?1618069835,News article,Excessive Force,"""James Keten's duplex""",04/06/2021
"1261 Grand Av., Minnesota","Grandy, MN 55029",45.63524,-93.19522,https://d3n8a8pro7vhmx.cloudfront.net/cuapb/pages/270/attachments/original/1626490716/Man_fatally_shot_by_St._Paul_police_is_identified.pdf?1626490716,News article,Excessive Force,1261 Grand Av.,12/26
"""1001 3rd Ave S."", Minnesota","941 3rd St S, Holdingford, MN 56340",45.734043,-94.472094,https://d3n8a8pro7vhmx.cloudfront.net/cuapb/pages/1461/attachments/original/1638069145/13-30350_Bronson_Part_3.pdf?1638069145,News article,Disorderly Conduct,"""1001 3rd Ave S.""",09/28/2010
"""Granada Drive, Apple Valley"", Minnesota","Granada Dr, Apple Valley, MN 55124",44.737101,-93.220811,https://assets.nationbuilder.com/cuapb/pages/1509/attachments/original/1753849696/19-07651_Luis_Porras.pdf?1753849696,News article,Disorderly Conduct,"""Granada Drive, Apple Valley""","December 10th, 2020"
"E. 38th Street and Columbus Avenue S., Minnesota","Avon, MN 56310",45.599386,-94.436477,https://d3n8a8pro7vhmx.cloudfront.net/cuapb/pages/270/attachments/original/1614985683/Foulkes_Man__3_Mpls._police_officers_who_traded_shots_are_identified_-_StarTribune.com.pdf?1614985683,News article,Excessive Force,E. 38th Street and Columbus Avenue S.,03/05/2021
"""Lake Street and Stevens Avenue S."", Minnesota","Lake Ave, Hancock, MN 56244",45.450749,-95.788567,https://d3n8a8pro7vhmx.cloudfront.net/cuapb/pages/270/attachments/original/1625958065/April_8__Questions_remain_after_fatal_police_chase_in_Minneapolis_-_StarTribune.com.pdf?1625958065,News article,Excessive Force,"""Lake Street and Stevens Avenue S.""",08/14/2008
"1426 Penn Av. N., Minnesota","Payne, MN 55765",47.096049,-92.599359,https://d3n8a8pro7vhmx.cloudfront.net/cuapb/pages/270/attachments/original/1617887760/Brandon_Brugger_2.pdf?1617887760,News article,Excessive Force,1426 Penn Av. N.,08/09/2011
"Highway 3 and 200th Street, Minnesota",Minnesota,46.316134,-94.19948,https://d3n8a8pro7vhmx.cloudfront.net/cuapb/pages/270/attachments/original/1618010375/Joshua_James_Williams_Gets_License_Suspension_%281%29.pdf?1618010375,News article,Excessive Force,Highway 3 and 200th Street,08/30/2008
"""Minneapolis"" 
""Downtown Minneapolis"", Minnesota","Minneapolis Ave S, Minneapolis, MN 55406",44.960074,-93.223877,https://d3n8a8pro7vhmx.cloudfront.net/cuapb/pages/270/attachments/original/1617289530/Alexander_Brown.pdf?1617289530,News article,Excessive Force,"""Minneapolis"" 
""Downtown Minneapolis""",12/19/2019
"""1234 address not found""
However, I can identify the location as ""Officer Dinh's home""., Minnesota","Weaver, MN 55910",44.214965,-91.928772,https://d3n8a8pro7vhmx.cloudfront.net/cuapb/pages/1461/attachments/original/1638381911/10-01_Dinh_Part_6.pdf?1638381911,News article,Disorderly Conduct,"""1234 address not found""
However, I can identify the location as ""Officer Dinh's home"".",01/01/2010
"Powderhorn Park 
Peavey Park 
Elliot Park 
Matthews Park, Minnesota","Morehead, KY 40351",38.210471,-83.42039,https://d3n8a8pro7vhmx.cloudfront.net/cuapb/pages/270/attachments/original/1616347476/New_park_police_chief_had_clear_career_path.pdf?1616347476,News article,Other,"Powderhorn Park 
Peavey Park 
Elliot Park 
Matthews Park",08/23/2013
"""American Legion in Champlin, Minnesota"", Minnesota","American Blvd, Minneapolis, MN 55438",44.858121,-93.360274,https://d3n8a8pro7vhmx.cloudfront.net/cuapb/pages/1461/attachments/original/1638332037/13-31443_Novak_Part_7.pdf?1638332037,News article,Disorderly Conduct,"""American Legion in Champlin, Minnesota""",
"Alder Street West, near Lakeland Avenue South and Pike Avenue South intersection, Webster, WI 54893, Minnesota","Pike Ave S and W Alder St, Webster, WI 54893",45.874318,-92.369134,https://d3n8a8pro7vhmx.cloudfront.net/cuapb/pages/270/attachments/original/1581996295/13-23559_Part_1.pdf?1581996295,News article,Disorderly Conduct,"Alder Street West, near Lakeland Avenue South and Pike Avenue South intersection, Webster, WI 54893",10-05-2013
"""3rd Ave. S. / 10th St. S."", Minnesota","3rd St NE, Avon, MN 56310",45.611327,-94.445783,https://d3n8a8pro7vhmx.cloudfront.net/cuapb/pages/1461/attachments/original/1638069117/13-30350_Bronson_Part_5.pdf?1638069117,News article,Lack of Standard Operating Procedure (SOP),"""3rd Ave. S. / 10th St. S.""",09/28/2010
"305 W. Franklin Ave., Minnesota","350 West St, Redwood Falls, MN 56283",44.597159,-95.219345,https://d3n8a8pro7vhmx.cloudfront.net/cuapb/pages/270/attachments/original/1626270770/Officers_involved_in_Minneapolis_shooting_identified_%E2%80%93_Twin_Cities.pdf?1626270770,News article,Excessive Force,305 W. Franklin Ave.,02/25/2008
"Kingsley Heights Apartments 
First Street, Minnesota","Frost, MN 56033",43.564879,-93.908248,https://d3n8a8pro7vhmx.cloudfront.net/cuapb/pages/270/attachments/original/1624057825/Duluth_no_longer_paying_officer_charged_in_shooting_Tyler_Liebfried.pdf?1624057825,News article,Excessive Force,"Kingsley Heights Apartments 
First Street",09/12/2020
"Penn Avenue N. at 3 a.m. on Feb. 19, 2009, Minnesota","Amboy, MN 56010",43.886884,-94.15839,https://d3n8a8pro7vhmx.cloudfront.net/cuapb/pages/270/attachments/original/1626128190/Minneapolis_settles_suit_with_man_who_alleged_police_beating_-_StarTribune.com.pdf?1626128190,News article,Excessive Force,"Penn Avenue N. at 3 a.m. on Feb. 19, 2009",02/19/2009
"Payne and Magnolia Avenues, Minnesota","Pine Dr, Luverne, MN 56156",43.65044,-96.22516,https://d3n8a8pro7vhmx.cloudfront.net/cuapb/pages/270/attachments/original/1617993464/Jason_Brubaker_2.pdf?1617993464,News article,Other,Payne and Magnolia Avenues,03/18/2021
"6070 138th Street N, Hugo, MN 55038, Minnesota","6070 138th St N, Hugo, MN 55038",45.148911,-92.984475,https://assets.nationbuilder.com/cuapb/pages/270/attachments/original/1669099453/MCRO_62-CR-15-5241_Sentencing_Order_2015-12-18_20221122004113.pdf?1669099453,News article,Disorderly Conduct,"6070 138th Street N, Hugo, MN 55038",12/18/2015
"1001 3rd Ave. S., Minnesota","941 3rd St S, Holdingford, MN 56340",45.734043,-94.472094,https://d3n8a8pro7vhmx.cloudfront.net/cuapb/pages/1461/attachments/original/1638069124/13-30350_Bronson_Part_6.pdf?1638069124,News article,Excessive Force,1001 3rd Ave. S.,09/28/2010
"""Cottage Grove"" 
""Farm and Fleet""
""Cedar Mall parking lot"", Minnesota","Leota, MN 56153",43.840423,-96.012811,https://assets.nationbuilder.com/cuapb/pages/1472/attachments/original/1670306077/Masek_Hennepin_Co_Deputy_Charged_with_Child_Sex_Crimes_%28KARE%29.pdf?1670306077,News article,Sexual misconduct,"""Cottage Grove"" 
""Farm and Fleet""
""Cedar Mall parking lot""",04/28/2018
"""1234 Arcade St"", Minnesota",Minnesota,46.316134,-94.19948,https://d3n8a8pro7vhmx.cloudfront.net/cuapb/pages/270/attachments/original/1626451973/St._Paul_reaches_settlement_with_man_who_claimed_he_was_kicked_and_tasered_by_police.pdf?1626451973,News article,Excessive Force,"""1234 Arcade St""",01/29/1994
"77th Street East and Chicago Avenue in Richfield., Minnesota","Chicago Ave S and E 77th St, Minneapolis, MN 55423",44.863823,-93.263061,https://d3n8a8pro7vhmx.cloudfront.net/cuapb/pages/270/attachments/original/1615067964/2019Labathe_What_we_know_about_Brian_Quinones__the_man_shot_dead_by_police_in_Richfield_-_Bring_Me_The_News.pdf?1615067964,News article,Excessive Force,77th Street East and Chicago Avenue in Richfield.,3/6/2021
"""A group home"", Minnesota","Carp, MN 56623",48.505249,-94.647167,https://d3n8a8pro7vhmx.cloudfront.net/cuapb/pages/270/attachments/original/1615990810/Retired_St._Paul_cop_repeatedly_punched_juvenile_in_group_home__charges_say_-_StarTribune.com.pdf?1615990810,News article,Excessive Force,"""A group home""",3/16/2021
"ELY, Minnesota","Ely, MN 55731",47.918943,-92.020778,https://assets.nationbuilder.com/cuapb/pages/1472/attachments/original/1669103604/Carlson_resigns_as_Ely_police_officer_-_The_Timberjay.pdf?1669103604,News article,Sexual misconduct,ELY,02/01/2017
"Maple Lake Township, Minnesota","Maple Lake, MN 55358",45.22833,-94.00417,https://assets.nationbuilder.com/cuapb/pages/1472/attachments/original/1755299520/Lisic_Felony_DUI_Arrest_Dismissed_After_Lab_Test_Finds_No_Drugs.pdf?1755299520,News article,Lack of Standard Operating Procedure (SOP),Maple Lake Township,03/22/2025
"""Oltman Middle School in St. Paul Park"", Minnesota","Saint Paul Park, MN 55071",44.822826,-92.989204,https://d3n8a8pro7vhmx.cloudfront.net/cuapb/pages/270/attachments/original/1626561514/St._Paul_Park_police_cleared_of_fault_in_murders___Public_Safety___republicaneagle.com.pdf?1626561514,News article,Lack of Standard Operating Procedure (SOP),"""Oltman Middle School in St. Paul Park""",06/09/2011
"Lauderdale, Minnesota","Lauderdale County, TN",35.762951,-89.627732,https://d3n8a8pro7vhmx.cloudfront.net/cuapb/pages/270/attachments/original/1618329365/St._Paul_police_officer_found_guilty_of_ID_theft_charge_-_StarTribune.com.pdf?1618329365,News article,Disorderly Conduct,Lauderdale,04/13/2021
"Barron County Circuit Court, Minnesota","Byron, MN 55920",43.988227,-92.599372,https://assets.nationbuilder.com/cuapb/pages/1472/attachments/original/1670306079/Masek_Former_deputy_caught_in_sex_sting_sentenced.pdf?1670306079,News article,Sexual misconduct,Barron County Circuit Court,08/15/2019
"Roosevelt H.S., Minnesota","Roosevelt, MN 56673",48.80359,-95.09689,https://d3n8a8pro7vhmx.cloudfront.net/cuapb/pages/1461/attachments/original/1638407623/13-30003_Tapp_Part_12.pdf?1638407623,News article,Excessive Force,Roosevelt H.S.,04/20/2010
"Roosevelt H.S., Minnesota","Roosevelt, MN 56673",48.80359,-95.09689,https://d3n8a8pro7vhmx.cloudfront.net/cuapb/pages/1461/attachments/original/1638407619/13-30003_Tapp_Part_11.pdf?1638407619,News article,Excessive Force,Roosevelt H.S.,
"Roosevelt H.S., Minnesota","Roosevelt, MN 56673",48.80359,-95.09689,https://d3n8a8pro7vhmx.cloudfront.net/cuapb/pages/1461/attachments/original/1638407659/13-30003_Tapp_Part_5.pdf?1638407659,News article,Excessive Force,Roosevelt H.S.,"04/21/2010
04/22/2010"
"""IAU"" 
""5th Precinct"" 
""1St Precinct"", Minnesota",Minnesota,46.316134,-94.19948,https://d3n8a8pro7vhmx.cloudfront.net/cuapb/pages/1461/attachments/original/1638152893/13-31535_Lewis_Part_4.pdf?1638152893,News article,Lack of Standard Operating Procedure (SOP),"""IAU"" 
""5th Precinct"" 
""1St Precinct""","March 4, 2013
March 18, 2013
January 12, 2013 
July 22, 2012 
October 11, 2012"
"""An intersection in Richfield"", Minnesota","Ann Ln, Hopkins, MN 55305",44.94184,-93.401903,https://d3n8a8pro7vhmx.cloudfront.net/cuapb/pages/270/attachments/original/1615068890/2019Labathe_Richfield__Edina_officers_not_charged_in_shooting_death_of_Brian_Quinones___MPR_News.pdf?1615068890,News article,Excessive Force,"""An intersection in Richfield""",09/07/2019
"1500 block of Liberty Circle, Shakopee, Minnesota","1500 Liberty Cir, Shakopee, MN 55379",44.774477,-93.517761,https://assets.nationbuilder.com/cuapb/pages/1472/attachments/original/1670604474/Nielsen_Robert_Nielsen_pleads_guilty_to_helping_drug_dealer.pdf?1670604474,News article,Excessive Force,"1500 block of Liberty Circle, Shakopee",09/13/2006
"12450 Business Park Boulevard, Champlin, Minnesota, Minnesota","12450 Business Park Blvd N, Champlin, MN 55316",45.178952,-93.390859,https://d3n8a8pro7vhmx.cloudfront.net/cuapb/pages/1461/attachments/original/1638332058/13-31443_Novak_Part_2.pdf?1638332058,News article,Disorderly Conduct,"12450 Business Park Boulevard, Champlin, Minnesota",10/27/2012
"""His house"", Minnesota",Minnesota,46.316134,-94.19948,https://d3n8a8pro7vhmx.cloudfront.net/cuapb/pages/270/attachments/original/1613807432/Myron_Wieland_Domestic_Assault_Incident.pdf?1613807432,News article,Disorderly Conduct,"""His house""",12/17/2015
"80th Street in Columbus, Minnesota","80th Ave, Lake Wilson, MN 56151",43.97528,-95.90368,https://d3n8a8pro7vhmx.cloudfront.net/cuapb/pages/270/attachments/original/1625935097/Carjacking_suspect_killed_by_police_is_identified_-_StarTribune.com.pdf?1625935097,News article,Excessive Force,80th Street in Columbus,07/10/2021
"Lutheran Island Camp in Henning, Minnesota","Henning, MN 56551",46.293243,-95.483624,https://assets.nationbuilder.com/cuapb/pages/1472/attachments/original/1669315826/Mille_Lacs_deputy__Onamia_school_liaison_charged_with_criminal_sexual_conduct_Local_messagemedia.co.pdf?1669315826,News article,Sexual misconduct,Lutheran Island Camp in Henning,07/23/2013
"Mantorville, MN 55955, Minnesota","Mantorville, MN 55955",44.065741,-92.760046,https://assets.nationbuilder.com/cuapb/pages/1472/attachments/original/1670572361/Nash_Conviction_Register_of_Actions.pdf?1670572361,News article,Other,"Mantorville, MN 55955",02/10/2011
"Fergus Falls, Minnesota","Fergus Falls, MN 56537",46.275351,-96.089852,https://d3n8a8pro7vhmx.cloudfront.net/cuapb/pages/270/attachments/original/1614039081/Kelly_Bachman_High_During_High_Speed_Chase.pdf?1614039081,News article,Excessive Force,Fergus Falls,10/2/2020
"Fergus Falls, Minnesota","Fergus Falls, MN 56537",46.275351,-96.089852,https://d3n8a8pro7vhmx.cloudfront.net/cuapb/pages/270/attachments/original/1636432211/Prosecutor_forced_to_drop_a_dozen_cases_after_Fergus_Falls_deputy_charged.pdf?1636432211,News article,Excessive Force,Fergus Falls,02/19/2021
"Brittany's Place, Minnesota",Minnesota,46.316134,-94.19948,https://d3n8a8pro7vhmx.cloudfront.net/cuapb/pages/270/attachments/original/1618066366/St._Paul_officer_on_trial_for_allegedly_punching_handcuffed_teen_girl_-_StarTribune.com.pdf?1618066366,News article,Excessive Force,Brittany's Place,05/02/2017
"Fergus Falls, Minnesota","Fergus Falls, MN 56537",46.275351,-96.089852,https://d3n8a8pro7vhmx.cloudfront.net/cuapb/pages/270/attachments/original/1614039081/Kelly_Bachman_High_During_High_Speed_Chase.pdf?1614039081,News article,Excessive Force,Fergus Falls,10/2/2020
"Fergus Falls, Minnesota","Fergus Falls, MN 56537",46.275351,-96.089852,https://d3n8a8pro7vhmx.cloudfront.net/cuapb/pages/270/attachments/original/1636432211/Prosecutor_forced_to_drop_a_dozen_cases_after_Fergus_Falls_deputy_charged.pdf?1636432211,News article,Excessive Force,Fergus Falls,02/19/2021
"36024 Falcon Way, North Branch, MN 55056, Minnesota","36024 Falcon Way, North Branch, MN 55056",45.470543,-92.999222,https://d3n8a8pro7vhmx.cloudfront.net/cuapb/pages/1461/attachments/original/1638134733/13-31514_Hall_Part_3.pdf?1638134733,News article,Disorderly Conduct,"36024 Falcon Way, North Branch, MN 55056",02/28/2013
"""South Minneapolis"", Minnesota","South St, Minneapolis, MN 55433",45.190272,-93.368512,https://d3n8a8pro7vhmx.cloudfront.net/cuapb/pages/270/attachments/original/1615510562/Woman_alleges_excessive_force_used_in_2016_traffic_stop_in_Minneapolis_-_StarTribune.com.pdf?1615510562,News article,Excessive Force,"""South Minneapolis""",07/17/2016
"""South Minneapolis"", Minnesota","South St, Minneapolis, MN 55433",45.190272,-93.368512,https://d3n8a8pro7vhmx.cloudfront.net/cuapb/pages/270/attachments/original/1614281070/Minneapolis_cop_told_Somali_American_teens_he_was_proud_U.S._troops_killed_%E2%80%98you_folk%E2%80%99_in_Mogadishu_.pdf?1614281070,News article,Discrimination,"""South Minneapolis""",2/25/2021
"1828 Columbus Ave S., Minnesota","Avon, MN 56310",45.599386,-94.436477,https://d3n8a8pro7vhmx.cloudfront.net/cuapb/pages/270/attachments/original/1614395125/2008_Chauvin_Minneapolis_police_officer_involved_in_weekend_shooting_ID%E2%80%99d.pdf?1614395125,News article,Excessive Force,1828 Columbus Ave S.,05/26/2008
"""St. Paul police department"", Minnesota","Saint Paul, MN 55101",44.951483,-93.090649,https://d3n8a8pro7vhmx.cloudfront.net/cuapb/pages/270/attachments/original/1617289551/Aine_Bebeau.pdf?1617289551,News article,Sexual misconduct,"""St. Paul police department""",07/10/2014
"""Stillwater, MN 55082"", Minnesota","Stillwater, MN 55082",45.061416,-92.84736,https://assets.nationbuilder.com/cuapb/pages/1472/attachments/original/1669438645/Knowlton_62-K6-99-3591_Register_of_Actions.pdf?1669438645,News article,Disorderly Conduct,"""Stillwater, MN 55082""",12/07/1999
"""Downtown Minneapolis"", Minnesota","Danton Way, Eden Prairie, MN 55347",44.842735,-93.498627,https://d3n8a8pro7vhmx.cloudfront.net/cuapb/pages/270/attachments/original/1617289536/Alexander_Brown_2.pdf?1617289536,News article,Excessive Force,"""Downtown Minneapolis""",12/02/2019
"""Brooklyn Park banquet hall"", Minnesota","Brooklyn Park, MN 55443",45.110251,-93.346842,https://d3n8a8pro7vhmx.cloudfront.net/cuapb/pages/270/attachments/original/1636334752/Brooklyn_Park_pays.pdf?1636334752,News article,Excessive Force,"""Brooklyn Park banquet hall""",01/25/2014
"2400 block of Ogema Place, Minnesota","Bullock Dr, Detroit Lakes, MN 56501",46.734862,-95.956609,https://d3n8a8pro7vhmx.cloudfront.net/cuapb/pages/270/attachments/original/1617887765/Brandon_Brugger_3.pdf?1617887765,News article,Excessive Force,2400 block of Ogema Place,08/12/2011
"Hastings, MN 55033, Minnesota","Hastings, MN 55033",44.74306,-92.84694,https://assets.nationbuilder.com/cuapb/pages/1472/attachments/original/1670337803/McClellan_Criminal_Conviction_Register_of_Actions.pdf?1670337803,News article,Disorderly Conduct,"Hastings, MN 55033",08/13/2001
"""4th precinct"", Minnesota",Minnesota,46.316134,-94.19948,https://d3n8a8pro7vhmx.cloudfront.net/cuapb/pages/270/attachments/original/1625774271/Former_Minneapolis_Police_Officer_Works_to_Set_the_Record_Straight.pdf?1625774271,News article,Other,"""4th precinct""","August 14, 2023"
"Hwy. 169 between Jordan and Belle Plaine, Minnesota","Belle Plaine, MN 56011",44.608912,-93.757888,https://assets.nationbuilder.com/cuapb/pages/1472/attachments/original/1672124548/Pasek_2_Belle_Plaine_cop_faces_2nd_DWI.pdf?1672124548,News article,Excessive Force,Hwy. 169 between Jordan and Belle Plaine,11/21/2012
"""Lancaster"", Minnesota","Lancaster, MN 56735",48.85831,-96.80421,https://assets.nationbuilder.com/cuapb/pages/1473/attachments/original/1754701347/Sheriff_sued_by_DNR.pdf?1754701347,News article,Lack of Standard Operating Procedure (SOP),"""Lancaster""",08/08/2025
"""A Duluth bar"", Minnesota","Ave A, Cloquet, MN 55720",46.723243,-92.467041,https://assets.nationbuilder.com/cuapb/pages/1472/attachments/original/1765434356/Duluth_Police_officer_Tyler_Leibfried_under_investigation_involving_sexual_assault_allegations.pdf?1765434356,News article,Sexual misconduct,"""A Duluth bar""",12/10/2025
"Mankato, MN 56001-6398, Minnesota","Mankato, MN 56001",44.128325,-93.978863,https://assets.nationbuilder.com/cuapb/pages/1472/attachments/original/1670346893/Miller_Richard_Stalking_Conviction_Register_of_Actions.pdf?1670346893,News article,Disorderly Conduct,"Mankato, MN 56001-6398",10/11/2010
"""Brooklyn Center"" 
""Wendy's Restaurant"" 
""his grandparents' house"", Minnesota","Brooklyn Center, MN 55430",45.077457,-93.324835,https://d3n8a8pro7vhmx.cloudfront.net/cuapb/pages/270/attachments/original/1618243509/No_charges_for_officers_who_killed_Brooklyn_Center_man_with_Autism__mother_'appalled'_by_decision_-_Bring_Me_The_News.pdf?1618243509,News article,Excessive Force,"""Brooklyn Center"" 
""Wendy's Restaurant"" 
""his grandparents' house""",08/31/2019
"Minneapolis Police Department, Minnesota","Minneapolis, MN 55401",44.984577,-93.269097,https://d3n8a8pro7vhmx.cloudfront.net/cuapb/pages/270/attachments/original/1616361817/Mpls._police_detective_sues_over_alleged_retaliation__exam_cheating_-_StarTribune.com.pdf?1616361817,News article,Lack of Standard Operating Procedure (SOP),Minneapolis Police Department,09/14/2016
"Minneapolis Police Department, Minnesota","Minneapolis, MN 55401",44.984577,-93.269097,https://d3n8a8pro7vhmx.cloudfront.net/cuapb/pages/270/attachments/original/1626451015/Arbitrator_upholds_firing_of_Minneapolis_police_officer_-_StarTribune.com.pdf?1626451015,News article,Lack of Standard Operating Procedure (SOP),Minneapolis Police Department,04/10/2021
"Blaisdell Avenue S. and W. 26th Street, Minnesota","6th St, Avon, MN 56310",45.60515,-94.45576,https://d3n8a8pro7vhmx.cloudfront.net/cuapb/pages/270/attachments/original/1626560489/Friends_of_motorcyclist_killed_in_collision_with_Minneapolis_police_vehicle_seek_answers.pdf?1626560489,News article,Excessive Force,Blaisdell Avenue S. and W. 26th Street,05/19/2016
"""Wright County"", Minnesota","Wright County, MN",45.175091,-93.966396,https://assets.nationbuilder.com/cuapb/pages/1472/attachments/original/1755299125/Lisic_Questionable_Marijuana_Odor_Stop_Expansion.pdf?1755299125,News article,Lack of Standard Operating Procedure (SOP),"""Wright County""",03/08/2025
"Farmington Police Department, Minnesota","Farmington, MN 55024",44.640515,-93.14196,https://d3n8a8pro7vhmx.cloudfront.net/cuapb/pages/270/attachments/original/1618004621/Jeremy_Buss.pdf?1618004621,News article,Sexual misconduct,Farmington Police Department,04/29/05
"Farmington Police Department, Minnesota","Farmington, MN 55024",44.640515,-93.14196,https://d3n8a8pro7vhmx.cloudfront.net/cuapb/pages/270/attachments/original/1618004628/Jeremy_Buss_2.pdf?1618004628,News article,Sexual misconduct,Farmington Police Department,03/15/2021
"Coon Rapids home, Minnesota","Coon Rapids, MN 55433",45.181175,-93.309858,https://assets.nationbuilder.com/cuapb/pages/1472/attachments/original/1669319378/Coon_Rapids_sexual_abuse_victim_%E2%80%9CI_was_molested_1_480_times%E2%80%9D_%E2%80%93_Twin_Cities.pdf?1669319378,News article,Sexual misconduct,Coon Rapids home,03/30/2012
"""A south Minneapolis apartment building"", Minnesota","E A St, Saint Paul, MN 55106",44.941074,-93.025772,https://d3n8a8pro7vhmx.cloudfront.net/cuapb/pages/270/attachments/original/1617910116/Christopher_Reiter_Osman_Case.pdf?1617910116,News article,Excessive Force,"""A south Minneapolis apartment building""",05/2016
"Le Sueur County, Minnesota","Le Sueur County, MN",44.373421,-93.730106,https://assets.nationbuilder.com/cuapb/pages/1472/attachments/original/1669354445/Former_deputy_gets_six_months_for_meth_crime_Archives_southernminn.com.pdf?1669354445,News article,"Excessive Force is not applicable, but the closest category would be:

Lack of Standard Operating Procedure (SOP)",Le Sueur County,"Dec 9, 2010"
"37th and Noble avenues, Minnesota","37th Ave S, Saint Cloud, MN 56301",45.55196,-94.20337,https://d3n8a8pro7vhmx.cloudfront.net/cuapb/pages/270/attachments/original/1617892715/Authorities_identify_man_killed_by_Robbinsdale_police_and_officer_who_shot_him_%E2%80%93_Twin_Cities.pdf?1617892715,News article,Excessive Force,37th and Noble avenues,4/8/2021
"""44th Ave. N./Irving Ave. N."", Minnesota","4th St NE, Avon, MN 56310",45.61254,-94.44629,https://d3n8a8pro7vhmx.cloudfront.net/cuapb/pages/1461/attachments/original/1638083162/13-31428_Dahlquist_Part_6.pdf?1638083162,News article,Excessive Force,"""44th Ave. N./Irving Ave. N.""",10/09/2012
"County Road 17 and Falcon Avenue, Minnesota","Avon, MN 56310",45.599386,-94.436477,https://d3n8a8pro7vhmx.cloudfront.net/cuapb/pages/1461/attachments/original/1638134683/13-31514_Hall_Part_5.pdf?1638134683,News article,Disorderly Conduct,County Road 17 and Falcon Avenue,11/21/2012
"North Minneapolis home., Minnesota","Nord Rd, Minneapolis, MN 55437",44.821415,-93.343872,https://d3n8a8pro7vhmx.cloudfront.net/cuapb/pages/270/attachments/original/1618071259/Minneapolis_pit_bull_shooting_results_in__225K_in_settlement_%E2%80%93_Southwest_Journal.pdf?1618071259,News article,Excessive Force,North Minneapolis home.,04/01/2013
"""Ramsey County Jail near downtown St. Paul"", Minnesota","Saint Paul, MN 55101",44.951483,-93.090649,https://d3n8a8pro7vhmx.cloudfront.net/cuapb/pages/270/attachments/original/1618025031/Matthew_Bostrom_2.pdf?1618025031,News article,Lack of Standard Operating Procedure (SOP),"""Ramsey County Jail near downtown St. Paul""",01/04/2011
"Starbuck, Minnesota","Starbuck, MN 56381",45.572758,-95.573436,https://assets.nationbuilder.com/cuapb/pages/1472/attachments/original/1670571236/Mogler_Court_of_Appeals_upholds_former_officer's_conviction_-_West_Central_Tribune_News.pdf?1670571236,News article,Sexual misconduct,Starbuck,07/25/2006
"25th Street and 15th Avenue South, Minnesota","5th St NW, Avon, MN 56310",45.61491,-94.451273,https://d3n8a8pro7vhmx.cloudfront.net/cuapb/pages/270/attachments/original/1617589087/Lawsuit_against_city_for_police_abuse_headed_for_payout_%E2%80%93_The_Journal.pdf?1617589087,News article,Excessive Force,25th Street and 15th Avenue South,06/11/2007
"Greyhound bus depot in downtown Minneapolis, Minnesota","Minneapolis, MN 55401",44.984577,-93.269097,https://d3n8a8pro7vhmx.cloudfront.net/cuapb/pages/270/attachments/original/1615990961/St._Paul___Ex-cop_gets_5_years_in_meth_bust_%E2%80%93_Twin_Cities.pdf?1615990961,News article,Excessive Force,Greyhound bus depot in downtown Minneapolis,03/16/2007
"""North Side"", Minnesota",Minnesota,46.316134,-94.19948,https://d3n8a8pro7vhmx.cloudfront.net/cuapb/pages/270/attachments/original/1617586455/Police_transfer_black_cops_amid_cries_of_racism_-_StarTribune.com.pdf?1617586455,News article,Discrimination,"""North Side""",12/1/2007
"Minneapolis Police Department, Minnesota","Minneapolis, MN 55401",44.984577,-93.269097,https://d3n8a8pro7vhmx.cloudfront.net/cuapb/pages/270/attachments/original/1616361817/Mpls._police_detective_sues_over_alleged_retaliation__exam_cheating_-_StarTribune.com.pdf?1616361817,News article,Lack of Standard Operating Procedure (SOP),Minneapolis Police Department,09/14/2016
"Minneapolis Police Department, Minnesota","Minneapolis, MN 55401",44.984577,-93.269097,https://d3n8a8pro7vhmx.cloudfront.net/cuapb/pages/270/attachments/original/1626451015/Arbitrator_upholds_firing_of_Minneapolis_police_officer_-_StarTribune.com.pdf?1626451015,News article,Lack of Standard Operating Procedure (SOP),Minneapolis Police Department,04/10/2021
"""Off Lake Street in a south Minneapolis parking lot"", Minnesota","Minneapolis, MN 55401",44.984577,-93.269097,https://assets.nationbuilder.com/cuapb/pages/1472/attachments/original/1676231568/Ex-Minneapolis_police_officer_charged_with_beating_man_during_unrest_makes_first_court_appearance.pdf?1676231568,News article,Excessive Force,"""Off Lake Street in a south Minneapolis parking lot""",01/19/2023
"Roosevelt H.S., Minnesota","Roosevelt, MN 56673",48.80359,-95.09689,https://d3n8a8pro7vhmx.cloudfront.net/cuapb/pages/1461/attachments/original/1638407623/13-30003_Tapp_Part_12.pdf?1638407623,News article,Excessive Force,Roosevelt H.S.,04/20/2010
"Roosevelt H.S., Minnesota","Roosevelt, MN 56673",48.80359,-95.09689,https://d3n8a8pro7vhmx.cloudfront.net/cuapb/pages/1461/attachments/original/1638407619/13-30003_Tapp_Part_11.pdf?1638407619,News article,Excessive Force,Roosevelt H.S.,
"Roosevelt H.S., Minnesota","Roosevelt, MN 56673",48.80359,-95.09689,https://d3n8a8pro7vhmx.cloudfront.net/cuapb/pages/1461/attachments/original/1638407659/13-30003_Tapp_Part_5.pdf?1638407659,News article,Excessive Force,Roosevelt H.S.,"04/21/2010
04/22/2010"
"2400 block of N. Emerson Avenue, Minnesota","Lake Ave N, Albany, MN 56307",45.633172,-94.568783,https://d3n8a8pro7vhmx.cloudfront.net/cuapb/pages/270/attachments/original/1618334852/No_charges_for_Mpls._officer_who_killed_man_who_shot_ex-girlfriend_-_StarTribune.com.pdf?1618334852,News article,Excessive Force,2400 block of N. Emerson Avenue,08/02/2020
"Karma Night Club, Minnesota","Gamma Rd, Ray, MN 56669",48.487613,-93.082659,https://d3n8a8pro7vhmx.cloudfront.net/cuapb/pages/1461/attachments/original/1638002727/13-30015_Appledorn_Pt_3.pdf?1638002727,News article,Excessive Force,Karma Night Club,05/17/2010
"Bunker Lake Boulevard 
Jay Street 
Pov's 
A funeral home parking lot, Minnesota","Leota, MN 56153",43.840423,-96.012811,https://d3n8a8pro7vhmx.cloudfront.net/cuapb/pages/1461/attachments/original/1638081654/13-31240_Clifford_Part_13.pdf?1638081654,News article,Excessive Force,"Bunker Lake Boulevard 
Jay Street 
Pov's 
A funeral home parking lot",06/16/2012
"Falcon St, Minnesota",Minnesota,46.316134,-94.19948,https://d3n8a8pro7vhmx.cloudfront.net/cuapb/pages/1461/attachments/original/1638134689/13-31514_Hall_Part_6.pdf?1638134689,News article,Excessive Force,Falcon St,12-14-2012
"""St Paul Police Department"", Minnesota","Saint Paul, MN 55101",44.951483,-93.090649,https://assets.nationbuilder.com/cuapb/pages/270/attachments/original/1671380831/patrick_kellerman_CaseDetail.pdf?1671380831,News article,Disorderly Conduct,"""St Paul Police Department""",06/28/2021
"""Minneapolis, MN 55487""
""MPLS, MN 55402"", Minnesota","Maple Pl, Minneapolis, MN 55401",44.989852,-93.264306,https://d3n8a8pro7vhmx.cloudfront.net/cuapb/pages/270/attachments/original/1532851590/Johanns_v_Kroll_et_al_19940914.pdf?1532851590,News article,Other,"""Minneapolis, MN 55487""
""MPLS, MN 55402""",09/14/1994
"1739 Old Hudson Road, Minnesota",Minnesota,46.316134,-94.19948,https://d3n8a8pro7vhmx.cloudfront.net/cuapb/pages/270/attachments/original/1626451704/Mom_feared_tragic_end_for_son_shot_by_St._Paul_police_-_StarTribune.com.pdf?1626451704,News article,Excessive Force,1739 Old Hudson Road,04/24/2021
"""4th Precinct on the city's North Side"", Minnesota",Minnesota,46.316134,-94.19948,https://d3n8a8pro7vhmx.cloudfront.net/cuapb/pages/270/attachments/original/1614807069/2014_%28Griffin%29_Minneapolis_must_pay_more_than__410_000_for_cop's_fights_-_StarTribune.com.pdf?1614807069,News article,Excessive Force,"""4th Precinct on the city's North Side""",03/10/2014
"""Minneapolis, MN 55487"" 
""MPLS, MN 55411"", Minnesota","Minneapolis, MN 55411",44.999514,-93.297393,https://assets.nationbuilder.com/cuapb/pages/270/attachments/original/1671378986/john_c_kelly_CaseDetail.pdf?1671378986,News article,Excessive Force,"""Minneapolis, MN 55487"" 
""MPLS, MN 55411""",07/18/1995
"Hennepin County Workhouse - Adult Corrections 
Ridgedale, Minnesota","Hennepin County, MN",45.006121,-93.475228,https://assets.nationbuilder.com/cuapb/pages/1472/attachments/original/1672126022/Pennaz_DWI_Register_of_Actions.pdf?1672126022,News article,Disorderly Conduct,"Hennepin County Workhouse - Adult Corrections 
Ridgedale",10/21/2008
"St. Michael, MN 55376, Minnesota","Saint Michael, MN 55376",45.20996,-93.66496,https://assets.nationbuilder.com/cuapb/pages/1472/attachments/original/1670301991/MacDonald_Conviction_Register_of_Actions.pdf?1670301991,News article,Disorderly Conduct,"St. Michael, MN 55376","""05/24/2011"""
"Shingle Creek Parkway near the entrance to Interstate 694, Minnesota","Day, MN 55006",45.709129,-93.379395,https://d3n8a8pro7vhmx.cloudfront.net/cuapb/pages/270/attachments/original/1618248838/Man_killed_by_Brooklyn_Center_police_was_facing_prison_sentence_-_StarTribune.com.pdf?1618248838,News article,Excessive Force,Shingle Creek Parkway near the entrance to Interstate 694,04/12/2021
"Roseau County Jail, Minnesota","Roseau County, MN",48.761068,-95.821504,https://assets.nationbuilder.com/cuapb/pages/1472/attachments/original/1670748608/Olson_Joshua_Former_Roseau_County_Sheriff's_Deputy_Sentenced.pdf?1670748608,News article,Excessive Force,Roseau County Jail,06/09/2016
"I-94 in Minneapolis, Minnesota","I-94, Minneapolis, MN 55404",44.956441,-93.243422,https://d3n8a8pro7vhmx.cloudfront.net/cuapb/pages/270/attachments/original/1614140042/1999Hard_and_Fast_City_Pages.pdf?1614140042,News article,Excessive Force,I-94 in Minneapolis,02/24/1999
"Co. Rd. 17 
Falcon Ave., Minnesota","County Rd 17, Rice, MN 56367",45.746458,-94.31778,https://d3n8a8pro7vhmx.cloudfront.net/cuapb/pages/1461/attachments/original/1638134702/13-31514_Hall_Part_8.pdf?1638134702,News article,Disorderly Conduct,"Co. Rd. 17 
Falcon Ave.",12/19/2012
"Wabasha Street near Plato Boulevard, Minnesota","Plato, MN 55370",44.77441,-94.03997,https://d3n8a8pro7vhmx.cloudfront.net/cuapb/pages/270/attachments/original/1626486253/No_charges_for_St._Paul_police_who_fatally_shot_man_with_large_rock_%E2%80%93_Twin_Cities.pdf?1626486253,News article,Excessive Force,Wabasha Street near Plato Boulevard,08/28/2014
"""Reform St"" 
ENCODING ERROR, Minnesota",Minnesota,46.316134,-94.19948,https://d3n8a8pro7vhmx.cloudfront.net/cuapb/pages/270/attachments/original/1626361569/Officers_identified_in_deadly_Richfield_officer-involved_shooting.pdf?1626361569,News article,Excessive Force,"""Reform St"" 
ENCODING ERROR",09/30/2023
"""Reform St"" 
ENCODING ERROR, Minnesota",Minnesota,46.316134,-94.19948,https://d3n8a8pro7vhmx.cloudfront.net/cuapb/pages/270/attachments/original/1616263400/2019_Judge_dismisses_lawsuit_brought_by_St._Paul_man_detained_in_a_hot_police_squad.pdf?1616263400,News article,Excessive Force,"""Reform St"" 
ENCODING ERROR",05/30/2019
"Cedar Street, Minnesota","Cedar, MN 55011",45.341448,-93.235026,https://d3n8a8pro7vhmx.cloudfront.net/cuapb/pages/1461/attachments/original/1638083942/14-13398_Dean_Part_2.pdf?1638083942,News article,Excessive Force,Cedar Street,05/04/2014
"""3rd Ave. S."" 
""11th St. S.""
""10th St. S."", Minnesota","3rd St NE, Avon, MN 56310",45.611327,-94.445783,https://d3n8a8pro7vhmx.cloudfront.net/cuapb/pages/1461/attachments/original/1638069111/13-30350_Bronson_Part_4.pdf?1638069111,News article,Disorderly Conduct,"""3rd Ave. S."" 
""11th St. S.""
""10th St. S.""",09/28/2010
"Shingle Creek Blvd, Minnesota",Minnesota,46.316134,-94.19948,https://d3n8a8pro7vhmx.cloudfront.net/cuapb/pages/270/attachments/original/1618249003/Family_Claims_Man_Was_Killed_By_Cops_While_In_Handcuffs__Police_Investigating_%E2%80%93_WCCO___CBS_Minnesota.pdf?1618249003,News article,Excessive Force,Shingle Creek Blvd,08/23/2013
"""106 N. 3rd St""
""608 Central Avenue, NE"", Minnesota","106 3rd St, Albany, MN 56307",45.630276,-94.566734,https://d3n8a8pro7vhmx.cloudfront.net/cuapb/pages/1461/attachments/original/1638134709/13-31514_Hall_Part_9.pdf?1638134709,News article,Disorderly Conduct,"""106 N. 3rd St""
""608 Central Avenue, NE""",11-20-2012
"Columbia, Minnesota","Columbia County, WI",43.471882,-89.330472,https://d3n8a8pro7vhmx.cloudfront.net/cuapb/pages/270/attachments/original/1626285181/Judge__Federal_suit_should_be_tossed_in_fatal_police_shooting_-_StarTribune.com.pdf?1626285181,News article,Disorderly Conduct,Columbia,08/17/2013
"North High School, Minnesota","High St, Park Rapids, MN 56470",46.92576,-95.061237,https://d3n8a8pro7vhmx.cloudfront.net/cuapb/pages/270/attachments/original/1615987734/2020Adams_North_football_coach_Adams_leaving_Mpls._police_to_direct_security_for_Twins.pdf?1615987734,News article,Other,North High School,10/8/2020
"""41st Avenue and Lyndale"", Minnesota","N 41st Ave and N Lyndale Ave, Minneapolis, MN 55412",45.029393,-93.288076,https://d3n8a8pro7vhmx.cloudfront.net/cuapb/pages/270/attachments/original/1635789799/MPD_Officer_Brian_Cummings_Charged_in_Collision_That_Killed_Leneal_Frazier.pdf?1635789799,News article,Excessive Force,"""41st Avenue and Lyndale""",07/06/2021
"""North Minneapolis"", Minnesota","Nord Rd, Minneapolis, MN 55437",44.821415,-93.343872,https://d3n8a8pro7vhmx.cloudfront.net/cuapb/pages/270/attachments/original/1614283406/2015%28Griffin%29_Minneapolis_cop_under_investigation_by_federal_authorities_-_StarTribune.com.pdf?1614283406,News article,Excessive Force,"""North Minneapolis""",02/25/2021
"""North Minneapolis"", Minnesota","Nord Rd, Minneapolis, MN 55437",44.821415,-93.343872,https://d3n8a8pro7vhmx.cloudfront.net/cuapb/pages/270/attachments/original/1615066857/2020Sterzinger_Suit__Fired_Mpls._cop_singled_out_for_age__Japanese_heritage_-_StarTribune.com.pdf?1615066857,News article,Discrimination,"""North Minneapolis""",02/25/2020
"""North Minneapolis"", Minnesota","Nord Rd, Minneapolis, MN 55437",44.821415,-93.343872,https://d3n8a8pro7vhmx.cloudfront.net/cuapb/pages/270/attachments/original/1614709827/Peterson_In_Minneapolis__costs_of_police_misconduct_add_up___MPR_News.pdf?1614709827,News article,Excessive Force,"""North Minneapolis""",11/02/2009
"East Seventh Street, Minnesota",Minnesota,46.316134,-94.19948,https://d3n8a8pro7vhmx.cloudfront.net/cuapb/pages/270/attachments/original/1616254939/2019_Jury_finds_St._Paul_officer_Palkowitsch_guilty.pdf?1616254939,News article,Excessive Force,East Seventh Street,11/26/2019
"The location of the incident is:

""900 block of St. Anthony Avenue in the city's Summit-University neighborhood"", Minnesota","Blake Ave, Albert Lea, MN 56007",43.661899,-93.328815,https://d3n8a8pro7vhmx.cloudfront.net/cuapb/pages/270/attachments/original/1615680108/2018_Prosecutors__St._Paul_cops_justified_in_killing_man_in_August___MPR_News.pdf?1615680108,News article,Excessive Force,"The location of the incident is:

""900 block of St. Anthony Avenue in the city's Summit-University neighborhood""",08/05/2018
"38th & Nobile in Robbinsdale, Minnesota","38th Ave N and Noble Ave N, Minneapolis, MN 55422",45.024119,-93.338914,https://d3n8a8pro7vhmx.cloudfront.net/cuapb/pages/270/attachments/original/1617893102/Protest__Police_violence_is_%E2%80%98adding_pain_to_our_communities%E2%80%99_%E2%80%94_Justice_Squad.pdf?1617893102,News article,Excessive Force,38th & Nobile in Robbinsdale,4/8/2021
"""350 S Fifth Street Minneapolis, MN 55415"", Minnesota","350 S 5th St, Minneapolis, MN 55415",44.976646,-93.265898,https://d3n8a8pro7vhmx.cloudfront.net/cuapb/pages/1461/attachments/original/1638398018/13-30497_Schumer_Part_1.pdf?1638398018,News article,Lack of Standard Operating Procedure (SOP),"""350 S Fifth Street Minneapolis, MN 55415""",03/22/2009
"37th Ave N/Fremont Ave N 
3200 block of Emerson Ave N, Minnesota","37th Ave S, Saint Cloud, MN 56301",45.55196,-94.20337,https://assets.nationbuilder.com/cuapb/pages/1608/attachments/original/1753998780/21-03020_Ricky_Plunkett.pdf?1753998780,News article,Lack of Standard Operating Procedure (SOP),"37th Ave N/Fremont Ave N 
3200 block of Emerson Ave N",03/11/2021
"The Summit-University neighborhood in St. Paul, Minnesota","Summit Ridge Dr, Saint Paul, MN 55127",45.086413,-93.064385,https://d3n8a8pro7vhmx.cloudfront.net/cuapb/pages/270/attachments/original/1615679865/2018_WJHughes_Family_of_man_shot_and_killed_by_St._Paul_police_demand_bodycam_footage.pdf?1615679865,News article,Excessive Force,The Summit-University neighborhood in St. Paul,08/07/2018
"1029 Bar, Minnesota","Barry, MN 56210",45.559291,-96.558886,https://d3n8a8pro7vhmx.cloudfront.net/cuapb/pages/270/attachments/original/1625772321/Minneapolis_City_Council_OKs__1_million_police_brutality_settlement.pdf?1625772321,News article,Excessive Force,1029 Bar,December 2020
"Champlin American Legion, Minnesota","Champlin, MN 55316",45.176914,-93.397481,https://d3n8a8pro7vhmx.cloudfront.net/cuapb/pages/1461/attachments/original/1638332027/13-31443_Novak_Part_6.pdf?1638332027,News article,Disorderly Conduct,Champlin American Legion,10/27/2012
"Sycamore Street in St. Paul's North End neighborhood, Minnesota","E Sycamore St, Saint Paul, MN 55117",44.964772,-93.098808,https://d3n8a8pro7vhmx.cloudfront.net/cuapb/pages/270/attachments/original/1626646663/Timothy_Bohn_.pdf?1626646663,News article,Excessive Force,Sycamore Street in St. Paul's North End neighborhood,03/30/2015
"""Interstate 94 in Rogers""
""I-35W in Minneapolis""
""Brooklyn Park home of House DFL Leader Melissa Hortman"" 
""Hennepin County District Court"", Minnesota","Leader, MN 56462",46.528575,-94.655011,https://assets.nationbuilder.com/cuapb/pages/1472/attachments/original/1754274562/Travon_Mattson_Arrest.pdf?1754274562,News article,Impersonating a Police Officer,"""Interstate 94 in Rogers""
""I-35W in Minneapolis""
""Brooklyn Park home of House DFL Leader Melissa Hortman"" 
""Hennepin County District Court""",08/23/2024
"""Minneapolis Police Department"", Minnesota","Minneapolis, MN 55401",44.984577,-93.269097,https://d3n8a8pro7vhmx.cloudfront.net/cuapb/pages/270/attachments/original/1615993310/Mpls._will_settle_with_K-9_officer_who_complained_of_harassment_by_supervisor_-_StarTribune.com.pdf?1615993310,News article,Discrimination,"""Minneapolis Police Department""",12/17/2019
"""Minneapolis Police Department"", Minnesota","Minneapolis, MN 55401",44.984577,-93.269097,https://d3n8a8pro7vhmx.cloudfront.net/cuapb/pages/270/attachments/original/1615987486/2008Roberts_Minneapolis_cop_indicted_on_corruption_charges.pdf?1615987486,News article,Corruption,"""Minneapolis Police Department""",07/14/2008
"""Minneapolis Police Department"", Minnesota","Minneapolis, MN 55401",44.984577,-93.269097,https://d3n8a8pro7vhmx.cloudfront.net/cuapb/pages/270/attachments/original/1618168204/Cop_Gets__585K_After_Colleagues_Snooped_on_Her_DMV_Data___WIRED.pdf?1618168204,News article,Verbal Abuse,"""Minneapolis Police Department""",04/11/2021
"""Minneapolis Police Department"", Minnesota","Minneapolis, MN 55401",44.984577,-93.269097,https://d3n8a8pro7vhmx.cloudfront.net/cuapb/pages/270/attachments/original/1617895196/USCOURTS-mnd-0_14-cv-01467-0.pdf?1617895196,News article,Excessive Force,"""Minneapolis Police Department""",05/10/2013
"3000 block of Knox Avenue N., Minnesota","Lake Ave N, Albany, MN 56307",45.633172,-94.568783,https://assets.nationbuilder.com/cuapb/pages/1472/attachments/original/1670303949/Mars_Mother_of_teen_killed_by_police_in_2004_sues_Minneapolis.pdf?1670303949,News article,Excessive Force,3000 block of Knox Avenue N.,10/23/2004
"""10th Street near the Mar-Ten parking garage exit"", Minnesota","N 10th St, Olivia, MN 56277",44.779245,-94.991056,https://d3n8a8pro7vhmx.cloudfront.net/cuapb/pages/1461/attachments/original/1638339531/13-30245_Ritschel_Part_6.pdf?1638339531,News article,Excessive Force,"""10th Street near the Mar-Ten parking garage exit""",06/09/2010
"32628 River Vista LN St. CLoud, MN 56303, Minnesota","32628 River Vista Ln, Saint Cloud, MN 56303",45.595225,-94.187158,https://assets.nationbuilder.com/cuapb/pages/1472/attachments/original/1669353584/MCRO_73-CR-19-190_Sentencing_Order_2020-04-28_20221124231811.pdf?1669353584,News article,Excessive Force,"32628 River Vista LN St. CLoud, MN 56303",04/27/2020
"""MPD Traffic Unit roll call room"", Minnesota","Ramey, MN 56329",45.835244,-93.937759,https://d3n8a8pro7vhmx.cloudfront.net/cuapb/pages/1461/attachments/original/1638338298/13-30680_Reuben_Part_3.pdf?1638338298,News article,Disorderly Conduct,"""MPD Traffic Unit roll call room""",03/23/2011
"""Police headquarters"", Minnesota",Minnesota,46.316134,-94.19948,https://d3n8a8pro7vhmx.cloudfront.net/cuapb/pages/270/attachments/original/1618022054/Marcus_Benner_.pdf?1618022054,News article,Lack of Standard Operating Procedure (SOP),"""Police headquarters""",11/17/2020
"300 block of East Cook Avenue, Minnesota","Bullock Rd, Cook, MN 55723",47.7768,-93.203955,https://d3n8a8pro7vhmx.cloudfront.net/cuapb/pages/270/attachments/original/1616262921/2017_Donahue_St._Paul_man_sues_police_after_detainment.pdf?1616262921,News article,Excessive Force,300 block of East Cook Avenue,"October 17, 2017"
"Edgerton, MN 56128, Minnesota","Edgerton, MN 56128",43.930332,-96.149676,https://assets.nationbuilder.com/cuapb/pages/1472/attachments/original/1670220226/Kreun_Criminal_Conviction_Register_of_Action.pdf?1670220226,News article,Lack of Standard Operating Procedure (SOP),"Edgerton, MN 56128",04/19/2012
"21st and Fremont North, Minnesota","Fremont, MN 55979",43.913852,-91.899043,https://d3n8a8pro7vhmx.cloudfront.net/cuapb/pages/1461/attachments/original/1638037219/13-30687_Bennett_Part_2.pdf?1638037219,News article,Excessive Force,21st and Fremont North,10/29/2010
"""North Minneapolis"", Minnesota","Nord Rd, Minneapolis, MN 55437",44.821415,-93.343872,https://d3n8a8pro7vhmx.cloudfront.net/cuapb/pages/270/attachments/original/1614283406/2015%28Griffin%29_Minneapolis_cop_under_investigation_by_federal_authorities_-_StarTribune.com.pdf?1614283406,News article,Excessive Force,"""North Minneapolis""",02/25/2021
"""North Minneapolis"", Minnesota","Nord Rd, Minneapolis, MN 55437",44.821415,-93.343872,https://d3n8a8pro7vhmx.cloudfront.net/cuapb/pages/270/attachments/original/1615066857/2020Sterzinger_Suit__Fired_Mpls._cop_singled_out_for_age__Japanese_heritage_-_StarTribune.com.pdf?1615066857,News article,Discrimination,"""North Minneapolis""",02/25/2020
"""North Minneapolis"", Minnesota","Nord Rd, Minneapolis, MN 55437",44.821415,-93.343872,https://d3n8a8pro7vhmx.cloudfront.net/cuapb/pages/270/attachments/original/1614709827/Peterson_In_Minneapolis__costs_of_police_misconduct_add_up___MPR_News.pdf?1614709827,News article,Excessive Force,"""North Minneapolis""",11/02/2009
"""Arnellia's bar on University Avenue"", Minnesota","Byron, MN 55920",43.988227,-92.599372,https://d3n8a8pro7vhmx.cloudfront.net/cuapb/pages/270/attachments/original/1617976069/Cornelius_Benner_.pdf?1617976069,News article,Excessive Force,"""Arnellia's bar on University Avenue""",02/24/2004
"Dive bar in Maplewood, MN, Minnesota","Maplewood, MN 55109",45.014551,-93.025535,https://d3n8a8pro7vhmx.cloudfront.net/cuapb/pages/1461/attachments/original/1638381902/10-01_Dinh_Part_4.pdf?1638381902,News article,Excessive Force,"Dive bar in Maplewood, MN",01/08/2010
"Prior Lake, MN 55372, Minnesota","Prior Lake, MN 55372",44.682763,-93.464428,https://assets.nationbuilder.com/cuapb/pages/1472/attachments/original/1670604031/Nielsen_Robert_Assault_Felony_Conviction_Register_of_Actions.pdf?1670604031,News article,Excessive Force,"Prior Lake, MN 55372",09/26/2006
"University Avenue in St. Paul, Minnesota","University Ave, Saint Paul, MN 55104",44.955659,-93.171447,https://d3n8a8pro7vhmx.cloudfront.net/cuapb/pages/270/attachments/original/1617328492/Honored_St._Paul_cop_shoots_naked_unarmed_man.pdf?1617328492,News article,Excessive Force,University Avenue in St. Paul,12/28/2020
"""4th precinct police department Christmas tree"", Minnesota","4th St, Saint Charles, MN 55972",43.974081,-92.06074,https://d3n8a8pro7vhmx.cloudfront.net/cuapb/pages/270/attachments/original/1618022669/Mark_Bohnsack_.pdf?1618022669,News article,Discrimination,"""4th precinct police department Christmas tree""",3/20/2021
"""Dinh home"" 
""1212263 CASE STATEMENTS Statement of 13.43 - Personnel Data"", Minnesota",Minnesota,46.316134,-94.19948,https://d3n8a8pro7vhmx.cloudfront.net/cuapb/pages/1461/attachments/original/1638381935/10-01_Dinh_Part_3.pdf?1638381935,News article,Disorderly Conduct,"""Dinh home"" 
""1212263 CASE STATEMENTS Statement of 13.43 - Personnel Data""","01/08/2010 
02/11/2010
12/31/2009"
"""Maple Grove"", Minnesota","Maple Grove, MN 55369",45.127446,-93.445399,https://d3n8a8pro7vhmx.cloudfront.net/cuapb/pages/270/attachments/original/1616272721/A_model_of_persistence__Minneapolis_police_veteran_Eddie_Frizell_to_take_over_Metro_Transit_force_-_StarTribune.com.pdf?1616272721,News article,Other,"""Maple Grove""",03/17/2021
"Stillwater, MN 55082, Minnesota","Stillwater, MN 55082",45.061416,-92.84736,https://assets.nationbuilder.com/cuapb/pages/1472/attachments/original/1669435828/Knippenberg_82-CR-07-1566_Register_of_Actions.pdf?1669435828,News article,Excessive Force,"Stillwater, MN 55082",08/21/2008
"""the downtown beat"", Minnesota","Boyd, MN 56218",44.84857,-95.90309,https://d3n8a8pro7vhmx.cloudfront.net/cuapb/pages/270/attachments/original/1616268830/2019_New_St._Paul_police_union_president_takes_over.pdf?1616268830,News article,Other,"""the downtown beat""",01/09/2019
"Andover home, Minnesota","Andover, MN 55304",45.237661,-93.272428,https://d3n8a8pro7vhmx.cloudfront.net/cuapb/pages/270/attachments/original/1614610533/Abdulkadir_MPD_rehires_officer_fired_over_domestic_assault_charge_-_StarTribune.com.pdf?1614610533,News article,Excessive Force,Andover home,05/18/2012
"Andover home, Minnesota","Andover, MN 55304",45.237661,-93.272428,https://d3n8a8pro7vhmx.cloudfront.net/cuapb/pages/270/attachments/original/1614610239/Abdulkadir_Minneapolis_cop_accused_of_attacking_his_wife_%E2%80%93_Twin_Cities.pdf?1614610239,News article,Excessive Force,Andover home,01/21/2011
"Normandale Frontage Rd near 77th St, Minnesota",Minnesota,46.316134,-94.19948,https://d3n8a8pro7vhmx.cloudfront.net/cuapb/pages/270/attachments/original/1615068699/2019Labathe_No_charges_against_Richfield_or_Edina_Police_in_fatal_shooting___Hennepin_County.pdf?1615068699,News article,Excessive Force,Normandale Frontage Rd near 77th St,09/07/2023
"""Violent Offenders Task Force (VOTF)"", Minnesota","Farris, MN 56633",47.37662,-94.702769,https://assets.nationbuilder.com/cuapb/pages/270/attachments/original/1671337104/michael_keefe_may_15_2015.pdf?1671337104,News article,Discrimination,"""Violent Offenders Task Force (VOTF)""",06/26/2021
"""Highway 41"" 
""City Square Park"", Minnesota",Minnesota,46.316134,-94.19948,https://d3n8a8pro7vhmx.cloudfront.net/cuapb/pages/270/attachments/original/1626360925/Joseph_Carlson_-_Chaska_police_officers_named_in_lawsuit.pdf?1626360925,News article,Excessive Force,"""Highway 41"" 
""City Square Park""",04/24/2021
"The Loop Bar, Minnesota","Barry, MN 56210",45.559291,-96.558886,https://d3n8a8pro7vhmx.cloudfront.net/cuapb/pages/1461/attachments/original/1638131589/13-31136_Griffin_Part_3.pdf?1638131589,News article,Disorderly Conduct,The Loop Bar,11-5-11
"The Loop Bar, Minnesota","Barry, MN 56210",45.559291,-96.558886,https://d3n8a8pro7vhmx.cloudfront.net/cuapb/pages/1461/attachments/original/1638131583/13-31136_Griffin_Part_2.pdf?1638131583,News article,Excessive Force,The Loop Bar,
"1616 44th Ave N, Minnesota","4th St NE N, Avon, MN 56310",45.61254,-94.44629,https://d3n8a8pro7vhmx.cloudfront.net/cuapb/pages/1461/attachments/original/1638083168/13-31428_Dahlquist_Part_1.pdf?1638083168,News article,Excessive Force,1616 44th Ave N,10/09/2012
"""350 South Fifth Street, City Hall"", Minnesota","350 5th St, Hawley, MN 56549",46.881283,-96.315193,https://d3n8a8pro7vhmx.cloudfront.net/cuapb/pages/1461/attachments/original/1638402817/13-16208_Sworski_Part_2.pdf?1638402817,News article,Lack of Standard Operating Procedure (SOP),"""350 South Fifth Street, City Hall""","01/2013 
06/10/2013
07/08/2013"
"""4201 Fremont Ave N Minneapolis"", Minnesota","4201 Fremont Ave N, Minneapolis, MN 55412",45.031534,-93.295753,https://d3n8a8pro7vhmx.cloudfront.net/cuapb/pages/270/attachments/original/1625858031/Jamar_Clark_Analysis_Fact_Sheet_3.pdf?1625858031,News article,Lack of Standard Operating Procedure (SOP),"""4201 Fremont Ave N Minneapolis""",11/15/2015
"""South Minneapolis business"", Minnesota","South St, Minneapolis, MN 55433",45.190272,-93.368512,https://d3n8a8pro7vhmx.cloudfront.net/cuapb/pages/270/attachments/original/1615830405/2015_3_prostitution_cases_dismissed_over_behavior_by_Minneapolis_officers.pdf?1615830405,News article,Sexual misconduct,"""South Minneapolis business""",08/19/2015
"""Uptown apartment"", Minnesota",Minnesota,46.316134,-94.19948,https://d3n8a8pro7vhmx.cloudfront.net/cuapb/pages/270/attachments/original/1617643520/Police_learn_lessons_after_shooting_of_mentally_ill_woman_10_years_ago___MPR_News.pdf?1617643520,News article,Excessive Force,"""Uptown apartment""",06/12/2000
"MN Correctional Facility - St. Cloud, Minnesota","Saint Cloud, MN 56301",45.519196,-94.330619,https://assets.nationbuilder.com/cuapb/pages/1472/attachments/original/1670604028/Nielsen_Robert_Controlled_Substance_Felony_Conviction_Register_of_Actions.pdf?1670604028,News article,Other,MN Correctional Facility - St. Cloud,02/16/2007
"MN Correctional Facility - St. Cloud, Minnesota","Saint Cloud, MN 56301",45.519196,-94.330619,https://assets.nationbuilder.com/cuapb/pages/1472/attachments/original/1670569746/Mindrup_Conviction_Register_of_Actions.pdf?1670569746,News article,Sexual misconduct,MN Correctional Facility - St. Cloud,08/31/2013
"3200 W. Lake St., Minnesota","W Lake St, Chisholm, MN 55719",47.488918,-92.879175,https://d3n8a8pro7vhmx.cloudfront.net/cuapb/pages/270/attachments/original/1626626433/Man_shot_by_Minneapolis_police_in_theft_is_charged_%E2%80%93_Twin_Cities.pdf?1626626433,News article,Excessive Force,3200 W. Lake St.,12/07/2009
"""2nd Avenue"", Minnesota","Ttt Rd, Eden Valley, MN 55329",45.357782,-94.607244,https://d3n8a8pro7vhmx.cloudfront.net/cuapb/pages/270/attachments/original/1626128545/richard_walker_FBI_to_review_video_of_Mpls_arrest__beating___MPR_News.pdf?1626128545,News article,Excessive Force,"""2nd Avenue""",02/19/2009
"3215 Fremont Ave N MPLS MN, Minnesota","Fremont St N, Duluth, MN 55807",46.726151,-92.178104,https://d3n8a8pro7vhmx.cloudfront.net/cuapb/pages/1461/attachments/original/1638004987/13-30551_Bartholomew_and_Robinson_Pt_2.pdf?1638004987,News article,Excessive Force,3215 Fremont Ave N MPLS MN,01/18/2011
"Nicollet Avenue, Minnesota","Nicollet, MN 56074",44.273214,-94.188233,https://d3n8a8pro7vhmx.cloudfront.net/cuapb/pages/270/attachments/original/1616269808/2016_Twin_Cities_Police_Unions__Teachers%E2%80%99_Involvement_In_Castile_Protest_%E2%80%98Blatant_Disrespect%E2%80%99.pdf?1616269808,News article,Disorderly Conduct,Nicollet Avenue,07/20/2016
"""Tanner's Station"" 
""The patio area, with the exclusion of the ""smoking station"" and the area immediately surrounding the smoking station."" 
""The patio gate on the west side of the patio.""
""The sidewalk northbound out of view.""
""The sidewalk and does two jumping jacks before turning and walking northbound on the sidewalk, eventually out of camera view.""
""Tanner's Station""
""The patio gate going northbound on the sidewalk."", Minnesota",Not Found,,,https://d3n8a8pro7vhmx.cloudfront.net/cuapb/pages/1461/attachments/original/1638081650/13-31240_Clifford_Part_12.pdf?1638081650,News article,Excessive Force,"""Tanner's Station"" 
""The patio area, with the exclusion of the ""smoking station"" and the area immediately surrounding the smoking station."" 
""The patio gate on the west side of the patio.""
""The sidewalk northbound out of view.""
""The sidewalk and does two jumping jacks before turning and walking northbound on the sidewalk, eventually out of camera view.""
""Tanner's Station""
""The patio gate going northbound on the sidewalk.""",06/16/2012
"""Cedar-Riverside"" 
""Minneapolis City Hall"", Minnesota","Cedar Ln, Minneapolis, MN 55416",44.957863,-93.328274,https://d3n8a8pro7vhmx.cloudfront.net/cuapb/pages/270/attachments/original/1614613669/Abdullahi_Minneapolis_police's_Somali_outreach_gets_national_attention_-_StarTribune.com.pdf?1614613669,News article,Other,"""Cedar-Riverside"" 
""Minneapolis City Hall""",03/01/2021
"Lake Road and Indiana Street North, Minnesota","Luc Rd, Ely, MN 55731",47.925138,-91.763757,https://d3n8a8pro7vhmx.cloudfront.net/cuapb/pages/270/attachments/original/1615518957/%E2%80%98It%E2%80%99s_Torture%E2%80%99__Man_Says_Mpls._Cops_Beat_Him_For_No_Reason_%E2%80%93_WCCO___CBS_Minnesota.pdf?1615518957,News article,Excessive Force,Lake Road and Indiana Street North,11/20/2012
"""Minneapolis Police station""
""Cup Foods"" 
""Minneapolis"", Minnesota","Minneapolis Ave S, Minneapolis, MN 55406",44.960074,-93.223877,https://d3n8a8pro7vhmx.cloudfront.net/cuapb/pages/270/attachments/original/1626394291/Creighton__Scott_%28Retired%29.pdf?1626394291,News article,Excessive Force,"""Minneapolis Police station""
""Cup Foods"" 
""Minneapolis""",04/24/2021
"City Hall, Minnesota","Hawley, MN 56549",46.977738,-96.409155,https://d3n8a8pro7vhmx.cloudfront.net/cuapb/pages/1461/attachments/original/1638398722/13-30842_Spencer.pdf?1638398722,News article,Disorderly Conduct,City Hall,6/5/2011
"""Fourth Precinct"", Minnesota",Minnesota,46.316134,-94.19948,https://d3n8a8pro7vhmx.cloudfront.net/cuapb/pages/270/attachments/original/1617987804/Donald_Banham_3.pdf?1617987804,News article,Discrimination,"""Fourth Precinct""",07/06/2011
"Mar Ten Parking Ramp, located at the corner of Tenth Street and Marquette Avenue in downtown Minneapolis., Minnesota","Marquette Ave and S 10th St, Minneapolis, MN 55403",44.973398,-93.273311,https://d3n8a8pro7vhmx.cloudfront.net/cuapb/pages/1461/attachments/original/1638339550/13-30245_Ritschel_Part_1.pdf?1638339550,News article,Disorderly Conduct,"Mar Ten Parking Ramp, located at the corner of Tenth Street and Marquette Avenue in downtown Minneapolis.",06/09/2010
"""4th Precinct police station in north Minneapolis"", Minnesota","N 4th Ct, Minneapolis, MN 55430",45.044868,-93.286362,https://d3n8a8pro7vhmx.cloudfront.net/cuapb/pages/270/attachments/original/1625856737/Mpls._police__Internal_probe_clears_cops_in_Jamar_Clark_shooting___MPR_News.pdf?1625856737,News article,Excessive Force,"""4th Precinct police station in north Minneapolis""",11/15/2015
"""4th Precinct police station"", Minnesota",Minnesota,46.316134,-94.19948,https://d3n8a8pro7vhmx.cloudfront.net/cuapb/pages/270/attachments/original/1614608272/Kroll_Controversy_follows_Mpls._police_union_president_-_StarTribune.com.pdf?1614608272,News article,Excessive Force,"""4th Precinct police station""",3/1/2021
"The Loop Bar, Minnesota","Barry, MN 56210",45.559291,-96.558886,https://d3n8a8pro7vhmx.cloudfront.net/cuapb/pages/1461/attachments/original/1638131589/13-31136_Griffin_Part_3.pdf?1638131589,News article,Disorderly Conduct,The Loop Bar,11-5-11
"The Loop Bar, Minnesota","Barry, MN 56210",45.559291,-96.558886,https://d3n8a8pro7vhmx.cloudfront.net/cuapb/pages/1461/attachments/original/1638131583/13-31136_Griffin_Part_2.pdf?1638131583,News article,Excessive Force,The Loop Bar,
"""Roseville home"", Minnesota","Roseville, MN 55113",45.006077,-93.156611,https://d3n8a8pro7vhmx.cloudfront.net/cuapb/pages/270/attachments/original/1616253943/2008_Arnold_St._Paul_cop%E2%80%99s_loaded_gun_stolen_from_his_car.pdf?1616253943,News article,Lack of Standard Operating Procedure (SOP),"""Roseville home""",07/17/2012
"""Fourth Police Precinct"" 
""North Side precinct's lobby"", Minnesota",Minnesota,46.316134,-94.19948,https://d3n8a8pro7vhmx.cloudfront.net/cuapb/pages/270/attachments/original/1617289573/Aaron_Biard_.pdf?1617289573,News article,Discrimination,"""Fourth Police Precinct"" 
""North Side precinct's lobby""",12/4/2018
"""Mar-Ten parking garage on 10th street near Marquette Avenue"", Minnesota","Avon, MN 56310",45.599386,-94.436477,https://d3n8a8pro7vhmx.cloudfront.net/cuapb/pages/1461/attachments/original/1638339535/13-30245_Ritschel_Part_7.pdf?1638339535,News article,Excessive Force,"""Mar-Ten parking garage on 10th street near Marquette Avenue""",06/09/2010
"HWY 61 and Innovation Rd. S., Cottage Grove, MN, Minnesota","US-10, Cottage Grove, MN 55016",44.797639,-92.898056,https://d3n8a8pro7vhmx.cloudfront.net/cuapb/pages/1461/attachments/original/1638329826/13-17432_McTaggart_Part_1.pdf?1638329826,News article,Lack of Standard Operating Procedure (SOP),"HWY 61 and Innovation Rd. S., Cottage Grove, MN",07/27/2013
"""Minneapolis Police Department"", Minnesota","Minneapolis, MN 55401",44.984577,-93.269097,https://d3n8a8pro7vhmx.cloudfront.net/cuapb/pages/270/attachments/original/1615993310/Mpls._will_settle_with_K-9_officer_who_complained_of_harassment_by_supervisor_-_StarTribune.com.pdf?1615993310,News article,Discrimination,"""Minneapolis Police Department""",12/17/2019
"""Minneapolis Police Department"", Minnesota","Minneapolis, MN 55401",44.984577,-93.269097,https://d3n8a8pro7vhmx.cloudfront.net/cuapb/pages/270/attachments/original/1615987486/2008Roberts_Minneapolis_cop_indicted_on_corruption_charges.pdf?1615987486,News article,Corruption,"""Minneapolis Police Department""",07/14/2008
"""Minneapolis Police Department"", Minnesota","Minneapolis, MN 55401",44.984577,-93.269097,https://d3n8a8pro7vhmx.cloudfront.net/cuapb/pages/270/attachments/original/1618168204/Cop_Gets__585K_After_Colleagues_Snooped_on_Her_DMV_Data___WIRED.pdf?1618168204,News article,Verbal Abuse,"""Minneapolis Police Department""",04/11/2021
"""Minneapolis Police Department"", Minnesota","Minneapolis, MN 55401",44.984577,-93.269097,https://d3n8a8pro7vhmx.cloudfront.net/cuapb/pages/270/attachments/original/1617895196/USCOURTS-mnd-0_14-cv-01467-0.pdf?1617895196,News article,Excessive Force,"""Minneapolis Police Department""",05/10/2013
"""27th Street and Bryant Avenue S."", Minnesota","27th St S, Saint Cloud, MN 56301",45.528985,-94.185385,https://d3n8a8pro7vhmx.cloudfront.net/cuapb/pages/270/attachments/original/1599978179/Lucas_Peterson_Article.pdf?1599978179,News article,Excessive Force,"""27th Street and Bryant Avenue S.""",07/01/2013
"Cloquet, MN 55720, Minnesota","Cloquet, MN 55720",46.72417,-92.46389,https://assets.nationbuilder.com/cuapb/pages/1472/attachments/original/1670226644/Lindberg_Conviction_Register_of_Actions.pdf?1670226644,News article,Excessive Force,"Cloquet, MN 55720",08/01/2011
"350 S 5th St, Rm 112, Minnesota","350 S 5th St, Princeton, MN 55371",45.564163,-93.578192,https://d3n8a8pro7vhmx.cloudfront.net/cuapb/pages/1461/attachments/original/1638148320/14-05557_Klimmek_Part_1.pdf?1638148320,News article,Verbal Abuse,"350 S 5th St, Rm 112",03/11/2014
"MPD Range, Minnesota",Minnesota,46.316134,-94.19948,https://d3n8a8pro7vhmx.cloudfront.net/cuapb/pages/1461/attachments/original/1638402824/13-16208_Sworski_Part_1.pdf?1638402824,News article,Lack of Standard Operating Procedure (SOP),MPD Range,06/10/2013
"""Near his home in Kasson"" 
""Roosters Too! Bar and Grill on 3rd Street"", Minnesota","Barry, MN 56210",45.559291,-96.558886,https://d3n8a8pro7vhmx.cloudfront.net/cuapb/pages/270/attachments/original/1618010608/Julio_Baez.pdf?1618010608,News article,Sexual misconduct,"""Near his home in Kasson"" 
""Roosters Too! Bar and Grill on 3rd Street""",
"Minneapolis courtroom 
Hennepin County District Judge Daniel Morales' courtroom, Minnesota","Minneapolis Ave, Mound, MN 55364",44.958825,-93.653558,https://assets.nationbuilder.com/cuapb/pages/1472/attachments/original/1669350116/Child_molester__former_Minneapolis_parks_police_chief_gets_18_years_in_prison_%E2%80%93_Twin_Cities.pdf?1669350116,News article,Sexual misconduct,"Minneapolis courtroom 
Hennepin County District Judge Daniel Morales' courtroom",04/09/2012
"""County Road in Wright County"", Minnesota","Wright County, MN",45.175091,-93.966396,https://assets.nationbuilder.com/cuapb/pages/1472/attachments/original/1755298532/Lisic_A_Pattern_of_Questionable_Stops.pdf?1755298532,News article,Excessive Force,"""County Road in Wright County""",04/01/2024
"606 Washington Av N, Minnesota","Washington, MN 55975",43.775797,-92.338779,https://d3n8a8pro7vhmx.cloudfront.net/cuapb/pages/1461/attachments/original/1638131596/13-31136_Griffin_Part_1.pdf?1638131596,News article,Excessive Force,606 Washington Av N,11-05-11
"Oklahoma Avenue, Minnesota","Avon, MN 56310",45.599386,-94.436477,https://d3n8a8pro7vhmx.cloudfront.net/cuapb/pages/270/attachments/original/1618326592/Updated__Adrian_police_officer_on_administrative_leave_%E2%80%98indefinitely%E2%80%99___The_Globe.pdf?1618326592,News article,Excessive Force,Oklahoma Avenue,06/15/2018
"Hennepin County Workhouse - Adult Corrections 
Hennepin County Probation, Minnesota","Hennepin Lndg, Champlin, MN 55316",45.183161,-93.386879,https://assets.nationbuilder.com/cuapb/pages/1472/attachments/original/1670223480/Temple_Fraud_Conviction_Register_of_Actions.pdf?1670223480,News article,Other,"Hennepin County Workhouse - Adult Corrections 
Hennepin County Probation",08/06/2015
"Fillmore County Jail, Minnesota","Fillmore County, MN",43.679187,-92.093937,https://assets.nationbuilder.com/cuapb/pages/1472/attachments/original/1670225244/Lettner_2007_Conviction_Register_of_Actions.pdf?1670225244,News article,Other,Fillmore County Jail,10/01/2007
"62 26th Av N, Minnesota",Minnesota,46.316134,-94.19948,https://d3n8a8pro7vhmx.cloudfront.net/cuapb/pages/1461/attachments/original/1638388613/13-31203_Schram_Part_5.pdf?1638388613,News article,Lack of Standard Operating Procedure (SOP),62 26th Av N,6-20-12
"""South Minneapolis street"", Minnesota","South St, Minneapolis, MN 55433",45.190272,-93.368512,https://d3n8a8pro7vhmx.cloudfront.net/cuapb/pages/270/attachments/original/1615946416/Minneapolis_officers'_letter__rallies_add_to_voices_for_change_-_StarTribune.com.pdf?1615946416,News article,Other,"""South Minneapolis street""",06/12/2020
"""13.43 Sgt. Office"", Minnesota",Minnesota,46.316134,-94.19948,https://d3n8a8pro7vhmx.cloudfront.net/cuapb/pages/1461/attachments/original/1638085182/13-15894_Devick_Part_2.pdf?1638085182,News article,Disorderly Conduct,"""13.43 Sgt. Office""",08/07/2013
"Albert Lea, MN 56007, Minnesota","Albert Lea, MN 56007",43.686288,-93.389838,https://assets.nationbuilder.com/cuapb/pages/1472/attachments/original/1670746059/Nielsen_Alan_Recv_Stolen_Property_Conviction_Register_of_Action.pdf?1670746059,News article,Disorderly Conduct,"Albert Lea, MN 56007",08/26/2008
"62 26th Ave N, Minnesota","6th St N, Avon, MN 56310",45.60515,-94.45576,https://d3n8a8pro7vhmx.cloudfront.net/cuapb/pages/1461/attachments/original/1638388635/13-31203_Schram_Part_3.pdf?1638388635,News article,Lack of Standard Operating Procedure (SOP),62 26th Ave N,"6-20-12 
7-3-12
7-23-12"
"""the exit to the ramp at the parking ramp"" 
""the cashier's booth"" 
""the wall of the ramp""
""the wall of the building"", Minnesota","Wolf, MN 55751",47.450485,-92.608795,https://d3n8a8pro7vhmx.cloudfront.net/cuapb/pages/1461/attachments/original/1638339557/13-30245_Ritschel_Part_2.pdf?1638339557,News article,Excessive Force,"""the exit to the ramp at the parking ramp"" 
""the cashier's booth"" 
""the wall of the ramp""
""the wall of the building""",06/09/2010
"""Albert Lea, MN 56007""
""Freeborn County Jail"", Minnesota","Freeborn County, MN",43.674202,-93.350289,https://assets.nationbuilder.com/cuapb/pages/1472/attachments/original/1670746055/Nielsen_Alan_Burglary_Conviction_Register_of_Actions.pdf?1670746055,News article,Other,"""Albert Lea, MN 56007""
""Freeborn County Jail""",08/14/2008
"""44th Ave N and James"", Minnesota","4th St NE, Avon, MN 56310",45.61254,-94.44629,https://d3n8a8pro7vhmx.cloudfront.net/cuapb/pages/1461/attachments/original/1638083151/13-31428_Dahlquist_Part_4.pdf?1638083151,News article,Excessive Force,"""44th Ave N and James""",
"4044 Cedar Av S, Minnesota","Cedar, MN 55011",45.341448,-93.235026,https://d3n8a8pro7vhmx.cloudfront.net/cuapb/pages/1461/attachments/original/1638151979/13-31395_Lehner_Part_1.pdf?1638151979,News article,Excessive Force,4044 Cedar Av S,05/29/12
"1616 44th Ave N., Minnesota","4th St NE N, Avon, MN 56310",45.61254,-94.44629,https://d3n8a8pro7vhmx.cloudfront.net/cuapb/pages/1461/attachments/original/1638083174/13-31428_Dahlquist_Part_2.pdf?1638083174,News article,Excessive Force,1616 44th Ave N.,"October 9th, 2012"
"""A friend's auto-repair shop in Brooklyn Center"", Minnesota","Brooklyn Center, MN 55430",45.077457,-93.324835,https://d3n8a8pro7vhmx.cloudfront.net/cuapb/pages/270/attachments/original/1626286971/Retraumatized_family_of_man_killed_in_2015_Brooklyn_Center_police_encounter_calls_for_change.pdf?1626286971,News article,Excessive Force,"""A friend's auto-repair shop in Brooklyn Center""",04/29/2021
"""North Minneapolis"", Minnesota","Nord Rd, Minneapolis, MN 55437",44.821415,-93.343872,https://d3n8a8pro7vhmx.cloudfront.net/cuapb/pages/270/attachments/original/1614283406/2015%28Griffin%29_Minneapolis_cop_under_investigation_by_federal_authorities_-_StarTribune.com.pdf?1614283406,News article,Excessive Force,"""North Minneapolis""",02/25/2021
"""North Minneapolis"", Minnesota","Nord Rd, Minneapolis, MN 55437",44.821415,-93.343872,https://d3n8a8pro7vhmx.cloudfront.net/cuapb/pages/270/attachments/original/1615066857/2020Sterzinger_Suit__Fired_Mpls._cop_singled_out_for_age__Japanese_heritage_-_StarTribune.com.pdf?1615066857,News article,Discrimination,"""North Minneapolis""",02/25/2020
"""North Minneapolis"", Minnesota","Nord Rd, Minneapolis, MN 55437",44.821415,-93.343872,https://d3n8a8pro7vhmx.cloudfront.net/cuapb/pages/270/attachments/original/1614709827/Peterson_In_Minneapolis__costs_of_police_misconduct_add_up___MPR_News.pdf?1614709827,News article,Excessive Force,"""North Minneapolis""",11/02/2009
"""19 4th St N"", Minnesota",Minnesota,46.316134,-94.19948,https://d3n8a8pro7vhmx.cloudfront.net/cuapb/pages/270/attachments/original/1626487090/Dolal_Idd_police_report_-_General-Offense-Public-Information-Report-GO-20-322120.pdf?1626487090,News article,Excessive Force,"""19 4th St N""",12/30/2020
"""Tanners Station"", Minnesota",Minnesota,46.316134,-94.19948,https://d3n8a8pro7vhmx.cloudfront.net/cuapb/pages/1461/attachments/original/1638081674/13-31240_Clifford_Part_4.pdf?1638081674,News article,Excessive Force,"""Tanners Station""","July 17th, 2012"
"""Tanners Station"", Minnesota",Minnesota,46.316134,-94.19948,https://d3n8a8pro7vhmx.cloudfront.net/cuapb/pages/1461/attachments/original/1638081630/13-31240_Clifford_Part_9.pdf?1638081630,News article,Disorderly Conduct,"""Tanners Station""","June 17th, 2012"
"254th Place, McGregor, MN 43052, Minnesota","254th Pl, McGregor, MN 55760",46.637998,-93.38829,https://d3n8a8pro7vhmx.cloudfront.net/cuapb/pages/1461/attachments/original/1638129302/16-06804_Gray.pdf?1638129302,News article,Excessive Force,"254th Place, McGregor, MN 43052",11/06/2015
"Hamline Avenue, Minnesota","Avon, MN 56310",45.599386,-94.436477,https://d3n8a8pro7vhmx.cloudfront.net/cuapb/pages/270/attachments/original/1617289565/Adam_Bravo_.pdf?1617289565,News article,Other,Hamline Avenue,08/17/2011
"""Tanners Station"", Minnesota",Minnesota,46.316134,-94.19948,https://d3n8a8pro7vhmx.cloudfront.net/cuapb/pages/1461/attachments/original/1638081674/13-31240_Clifford_Part_4.pdf?1638081674,News article,Excessive Force,"""Tanners Station""","July 17th, 2012"
"""Tanners Station"", Minnesota",Minnesota,46.316134,-94.19948,https://d3n8a8pro7vhmx.cloudfront.net/cuapb/pages/1461/attachments/original/1638081630/13-31240_Clifford_Part_9.pdf?1638081630,News article,Disorderly Conduct,"""Tanners Station""","June 17th, 2012"
"""Broadway and Lyndale Ave N"" 
""5101 Vernon Ave So Edina MN""
""5101, Vernon Ave So Edina MN"", Minnesota","5101 Vernon Ave, Minneapolis, MN 55436",44.910945,-93.354767,https://d3n8a8pro7vhmx.cloudfront.net/cuapb/pages/1461/attachments/original/1638129993/13-31660_Gregory_Part_1.pdf?1638129993,News article,Lack of Standard Operating Procedure (SOP),"""Broadway and Lyndale Ave N"" 
""5101 Vernon Ave So Edina MN""
""5101, Vernon Ave So Edina MN""",November 2012 - June 2013
"Room 306 at a hotel., Minnesota","Ada, MN 56510",47.325283,-96.597259,https://d3n8a8pro7vhmx.cloudfront.net/cuapb/pages/1461/attachments/original/1638071211/13-31310_Buck_Part_2.pdf?1638071211,News article,Disorderly Conduct,Room 306 at a hotel.,11/15/2012
"Bogarts bar, Minnesota","Barry, MN 56210",45.559291,-96.558886,https://d3n8a8pro7vhmx.cloudfront.net/cuapb/pages/1461/attachments/original/1638035196/13-31500_Woodis_and_Bennett_Part_2.pdf?1638035196,News article,Disorderly Conduct,Bogarts bar,06/03/2012
"""1300 Lagoon Av S"", Minnesota","Lucan, MN 56255",44.40968,-95.41056,https://d3n8a8pro7vhmx.cloudfront.net/cuapb/pages/270/attachments/original/1629760670/Barlow_-Daniel-%2819-04570%29-pages-19-24.pdf?1629760670,News article,Lack of Standard Operating Procedure (SOP),"""1300 Lagoon Av S""",03/24/2019
"""3rd Precinct"", Minnesota",Minnesota,46.316134,-94.19948,https://d3n8a8pro7vhmx.cloudfront.net/cuapb/pages/270/attachments/original/1625792051/Former_Minneapolis_Police_Officer_Talks_About_His_Decision_To_Leave_%E2%80%93_WCCO___CBS_Minnesota.pdf?1625792051,News article,Lack of Standard Operating Procedure (SOP),"""3rd Precinct""",05/16/2021
"""Northeast Minneapolis"", Minnesota","North Rd NE, Circle Pines, MN 55014",45.153079,-93.15471,https://assets.nationbuilder.com/cuapb/pages/1509/attachments/original/1753852627/18-14316_Michael_Manley-Investigatory_Report_1.pdf?1753852627,News article,Disorderly Conduct,"""Northeast Minneapolis""",04/24/2018
"""Northeast Minneapolis"", Minnesota","North Rd NE, Circle Pines, MN 55014",45.153079,-93.15471,https://d3n8a8pro7vhmx.cloudfront.net/cuapb/pages/270/attachments/original/1614608233/Kroll_Clout_of_Minneapolis_Police_Union_Boss_Reflects_National_Trend_-_WSJ.pdf?1614608233,News article,Excessive Force,"""Northeast Minneapolis""",05/25/2020
"City of Minneapolis, Minnesota","Minneapolis, MN 55401",44.984577,-93.269097,https://d3n8a8pro7vhmx.cloudfront.net/cuapb/pages/1461/attachments/original/1638082321/15-02940_Conway.pdf?1638082321,News article,Lack of Standard Operating Procedure (SOP),City of Minneapolis,02/01/2015
"Payne-Phalen neighborhood, Minnesota","Payne, MN 55765",47.096049,-92.599359,https://d3n8a8pro7vhmx.cloudfront.net/cuapb/pages/270/attachments/original/1616247267/St._Paul_man_was_unlawfully_detained_in_hot_police_car__lawsuit_alleges.pdf?1616247267,News article,Lack of Standard Operating Procedure (SOP),Payne-Phalen neighborhood,"October 17, 2017"
"""Traffic Unit Office"", Minnesota",Minnesota,46.316134,-94.19948,https://d3n8a8pro7vhmx.cloudfront.net/cuapb/pages/1461/attachments/original/1638338311/13-30680_Reuben_Part_2.pdf?1638338311,News article,Disorderly Conduct,"""Traffic Unit Office""",
"1616 44th Ave. N., Minnesota","4th St NE N, Avon, MN 56310",45.61254,-94.44629,https://d3n8a8pro7vhmx.cloudfront.net/cuapb/pages/1461/attachments/original/1638083144/13-31428_Dahlquist_Part_3.pdf?1638083144,News article,Excessive Force,1616 44th Ave. N.,10/09/2012
"WBL Country Inn, Minnesota","Iona, MN 56141",43.891474,-95.784003,https://d3n8a8pro7vhmx.cloudfront.net/cuapb/pages/1461/attachments/original/1638071195/13-31310_Buck_Part_3.pdf?1638071195,News article,Excessive Force,WBL Country Inn,09/27/2012
"""the street"", Minnesota",Minnesota,46.316134,-94.19948,https://d3n8a8pro7vhmx.cloudfront.net/cuapb/pages/270/attachments/original/1638779892/OPCR_15-16258_Lehner_Part_1.pdf?1638779892,News article,Excessive Force,"""the street""",
"""Apartment #202"", Minnesota",Minnesota,46.316134,-94.19948,https://d3n8a8pro7vhmx.cloudfront.net/cuapb/pages/1461/attachments/original/1638151220/13-31233_Lehner_Part_4.pdf?1638151220,News article,Excessive Force,"""Apartment #202""",
"""North Minneapolis parking lot"", Minnesota","Nord Rd, Minneapolis, MN 55437",44.821415,-93.343872,https://d3n8a8pro7vhmx.cloudfront.net/cuapb/pages/270/attachments/original/1615832510/2015_The_Mpls._cop_who_writes_more_tickets_than_any_other.pdf?1615832510,News article,Disorderly Conduct,"""North Minneapolis parking lot""",07/31/2015
"Cottage Grove Police Department, Minnesota","Cottage Grove, MN 55016",44.818216,-92.92861,https://d3n8a8pro7vhmx.cloudfront.net/cuapb/pages/1461/attachments/original/1638329832/13-17432_McTaggart_Part_2.pdf?1638329832,News article,Lack of Standard Operating Procedure (SOP),Cottage Grove Police Department,08/07/13
"3215 Fremont Ave N, Minnesota","Fremont, MN 55979",43.913852,-91.899043,https://d3n8a8pro7vhmx.cloudfront.net/cuapb/pages/1461/attachments/original/1638005020/13-30551_Bartholomew_and_Robinson_Pt_6.pdf?1638005020,News article,Excessive Force,3215 Fremont Ave N,
"3215 Fremont Ave N, Minnesota","Fremont, MN 55979",43.913852,-91.899043,https://d3n8a8pro7vhmx.cloudfront.net/cuapb/pages/1461/attachments/original/1638005006/13-30551_Bartholomew_and_Robinson_Pt_4.pdf?1638005006,News article,Excessive Force,3215 Fremont Ave N,"January 18, 2011"
"""Lake St."", Minnesota","Lake St, Winton, MN 55796",47.924362,-91.799323,https://d3n8a8pro7vhmx.cloudfront.net/cuapb/pages/1461/attachments/original/1638398259/13-31134_Schumer.pdf?1638398259,News article,Lack of Standard Operating Procedure (SOP),"""Lake St.""",03/21/2012
"Tanner's Station, Minnesota",Minnesota,46.316134,-94.19948,https://d3n8a8pro7vhmx.cloudfront.net/cuapb/pages/1461/attachments/original/1638081680/13-31240_Clifford_Part_5.pdf?1638081680,News article,Excessive Force,Tanner's Station,
"Tanner's Station, Minnesota",Minnesota,46.316134,-94.19948,https://d3n8a8pro7vhmx.cloudfront.net/cuapb/pages/1461/attachments/original/1638081624/13-31240_Clifford_Part_8.pdf?1638081624,News article,Excessive Force,Tanner's Station,"June 16th, 2012"
"Washington Cnty Jail 
Wash Cty Probation Office, Minnesota","Washington, MN 55975",43.775797,-92.338779,https://assets.nationbuilder.com/cuapb/pages/1472/attachments/original/1670302598/Marino_Conviction_Register_of_Actions.pdf?1670302598,News article,Excessive Force,"Washington Cnty Jail 
Wash Cty Probation Office",04/02/2007
"3215 Fremont Ave N, Minnesota","Fremont, MN 55979",43.913852,-91.899043,https://d3n8a8pro7vhmx.cloudfront.net/cuapb/pages/1461/attachments/original/1638005020/13-30551_Bartholomew_and_Robinson_Pt_6.pdf?1638005020,News article,Excessive Force,3215 Fremont Ave N,
"3215 Fremont Ave N, Minnesota","Fremont, MN 55979",43.913852,-91.899043,https://d3n8a8pro7vhmx.cloudfront.net/cuapb/pages/1461/attachments/original/1638005006/13-30551_Bartholomew_and_Robinson_Pt_4.pdf?1638005006,News article,Excessive Force,3215 Fremont Ave N,"January 18, 2011"
"Western District Police Station, Minnesota","Western District, AS",-14.335468,-170.784234,https://d3n8a8pro7vhmx.cloudfront.net/cuapb/pages/270/attachments/original/1616273279/First_woman_of_Somali_descent_joins_St._Paul_Police_Department_%E2%80%93_Twin_Cities.pdf?1616273279,News article,Other,Western District Police Station,"March 1, 2014"
"Tanner's Station, Minnesota",Minnesota,46.316134,-94.19948,https://d3n8a8pro7vhmx.cloudfront.net/cuapb/pages/1461/attachments/original/1638081680/13-31240_Clifford_Part_5.pdf?1638081680,News article,Excessive Force,Tanner's Station,
"Tanner's Station, Minnesota",Minnesota,46.316134,-94.19948,https://d3n8a8pro7vhmx.cloudfront.net/cuapb/pages/1461/attachments/original/1638081624/13-31240_Clifford_Part_8.pdf?1638081624,News article,Excessive Force,Tanner's Station,"June 16th, 2012"
"13th/Nicollet Av., Minnesota","13th St S, New Ulm, MN 56073",44.302889,-94.442042,https://assets.nationbuilder.com/cuapb/pages/1509/attachments/original/1753849688/19-10030_Alexander_Walls.pdf?1753849688,News article,Disorderly Conduct,13th/Nicollet Av.,07/08/2019
"""3/16"" 
""Monday"", Minnesota","3 16th Ave S, Hopkins, MN 55343",44.924315,-93.42017,https://d3n8a8pro7vhmx.cloudfront.net/cuapb/pages/1461/attachments/original/1638128393/13-31138_Goset_Part_2.pdf?1638128393,News article,Lack of Standard Operating Procedure (SOP),"""3/16"" 
""Monday""","03/16/2024
03/21/2024
03/23/2024"
"""Tanner's Station"", Minnesota",Minnesota,46.316134,-94.19948,https://d3n8a8pro7vhmx.cloudfront.net/cuapb/pages/1461/attachments/original/1638081644/13-31240_Clifford_Part_11.pdf?1638081644,News article,Disorderly Conduct,"""Tanner's Station""","June 16th, 2012"
"MVPD Station, Minnesota",Minnesota,46.316134,-94.19948,https://d3n8a8pro7vhmx.cloudfront.net/cuapb/pages/1461/attachments/original/1638409637/13-30177_Thole_Part_2.pdf?1638409637,News article,Disorderly Conduct,MVPD Station,06-27-10
"MINNEAPOLIS, Minnesota","Minneapolis, MN 55401",44.984577,-93.269097,https://d3n8a8pro7vhmx.cloudfront.net/cuapb/pages/270/attachments/original/1618188030/Fired_Minnesota_officers_have_a_proven_career_saver__arbitration_-_StarTribune.com.pdf?1618188030,News article,Lack of Standard Operating Procedure (SOP),MINNEAPOLIS,06/21/2020
"""Water park parking lot"", Minnesota","Leota, MN 56153",43.840423,-96.012811,https://d3n8a8pro7vhmx.cloudfront.net/cuapb/pages/270/attachments/original/1618003600/STATE_v._BEARDEMPHL___FindLaw.pdf?1618003600,News article,Excessive Force,"""Water park parking lot""",02/10/2004
"Squad 122 
Squad 112, Minnesota",Minnesota,46.316134,-94.19948,https://d3n8a8pro7vhmx.cloudfront.net/cuapb/pages/1461/attachments/original/1638080334/13-31064_Chamberlain_Part_2.pdf?1638080334,News article,Disorderly Conduct,"Squad 122 
Squad 112",
"Bunker Lake Boulevard 
Jay Street 
Thurston DeShaw funeral home parking lot, Minnesota","Leota, MN 56153",43.840423,-96.012811,https://d3n8a8pro7vhmx.cloudfront.net/cuapb/pages/1461/attachments/original/1638081610/13-31240_Clifford_Part_6.pdf?1638081610,News article,Excessive Force,"Bunker Lake Boulevard 
Jay Street 
Thurston DeShaw funeral home parking lot",
"County Rd 27 and County Rd 21, Prior Lake, MN, Minnesota","27th Pl, Burnsville, MN 55337",44.803235,-93.236885,https://d3n8a8pro7vhmx.cloudfront.net/cuapb/pages/1461/attachments/original/1638086720/13-27044_Domek_Part_1.pdf?1638086720,News article,Excessive Force,"County Rd 27 and County Rd 21, Prior Lake, MN",11/16/2013
"City Center, Minnesota",Minnesota,46.316134,-94.19948,https://d3n8a8pro7vhmx.cloudfront.net/cuapb/pages/1461/attachments/original/1638414668/13-30833_Voss_Part_2.pdf?1638414668,News article,Excessive Force,City Center,07/13/2011
"""3215 Fremont Ave N"", Minnesota","Fremont, MN 55979",43.913852,-91.899043,https://d3n8a8pro7vhmx.cloudfront.net/cuapb/pages/1461/attachments/original/1638004996/13-30551_Bartholomew_and_Robinson_Pt_3.pdf?1638004996,News article,Excessive Force,"""3215 Fremont Ave N""",01/18/2011
"""Minneapolis Police Federation"", Minnesota","Minneapolis, MN 55401",44.984577,-93.269097,https://d3n8a8pro7vhmx.cloudfront.net/cuapb/pages/270/attachments/original/1615906867/How_the_officers_charged_in_George_Floyd's_death_could_get_their_jobs_back.pdf?1615906867,News article,Lack of Standard Operating Procedure (SOP),"""Minneapolis Police Federation""",2/22/2021
"""100 5th ST Minneapolis 55403"", Minnesota","100 5th St N, Minneapolis, MN 55403",44.980438,-93.273735,https://d3n8a8pro7vhmx.cloudfront.net/cuapb/pages/270/attachments/original/1638757641/OPCR_14-10235_Silva_Part_8.pdf?1638757641,News article,Disorderly Conduct,"""100 5th ST Minneapolis 55403""",04/09/2014
"""Central District"", Minnesota",Minnesota,46.316134,-94.19948,https://d3n8a8pro7vhmx.cloudfront.net/cuapb/pages/270/attachments/original/1617986837/Derrick_Boone_2_.pdf?1617986837,News article,Discrimination,"""Central District""",07/22/2009
"3111 Emerson Avenue North, Minnesota","Emerson Rd, Clearwater, MN 55320",45.399693,-94.103555,https://d3n8a8pro7vhmx.cloudfront.net/cuapb/pages/1461/attachments/original/1638413228/13-30815_Trangsrud_Part_2.pdf?1638413228,News article,Excessive Force,3111 Emerson Avenue North,05/30/2011
"""39th Av. N. and Lyndale Av. N."", Minnesota","Lyndale, MN 55359",44.982463,-93.731908,https://d3n8a8pro7vhmx.cloudfront.net/cuapb/pages/1461/attachments/original/1638067887/14-02302_Boyd_Part_1.pdf?1638067887,News article,Lack of Standard Operating Procedure (SOP),"""39th Av. N. and Lyndale Av. N.""",12/03/2013
"Hennepin Criminal/Traffic /Petty Downtown, Minnesota","Pitt, MN 56665",48.717477,-94.736047,https://assets.nationbuilder.com/cuapb/pages/1472/attachments/original/1669439946/Koenig_27-CR-01-063856_Register_of_Actions.pdf?1669439946,News article,Sexual misconduct,Hennepin Criminal/Traffic /Petty Downtown,06/10/2001
"28 Oklahoma Avenue Adrian, MN 56110, Minnesota","28 Oklahoma Ave, Adrian, MN 56110",43.63705,-95.929996,https://d3n8a8pro7vhmx.cloudfront.net/cuapb/pages/270/attachments/original/1618327331/Richard_Bruns_3.pdf?1618327331,News article,Excessive Force,"28 Oklahoma Avenue Adrian, MN 56110",06/15/2018
"1000 block of Knox Avenue North, Minnesota","840 Lake Ave, Albany, MN 56307",45.63353,-94.574169,https://d3n8a8pro7vhmx.cloudfront.net/cuapb/pages/270/attachments/original/1626363612/Cook_-_excessive_force_-_Quincy_Smith_2005.pdf?1626363612,News article,Excessive Force,1000 block of Knox Avenue North,November 2008
"1300 Lagoon Av S 
2929 Hennepin Av S, Minnesota","Lucan, MN 56255",44.40968,-95.41056,https://d3n8a8pro7vhmx.cloudfront.net/cuapb/pages/270/attachments/original/1629760126/Barlow_-Daniel-%2819-04570%29-pages-1-12.pdf?1629760126,News article,Disorderly Conduct,"1300 Lagoon Av S 
2929 Hennepin Av S",03/24/2019
"""Drill-Mellum's apartment, across the street"", Minnesota","Trail, MN 56684",47.77996,-95.69224,https://d3n8a8pro7vhmx.cloudfront.net/cuapb/pages/270/attachments/original/1626489887/After_authorities_did_not_charge_her_rapist__U_student_fought_back.pdf?1626489887,News article,Excessive Force,"""Drill-Mellum's apartment, across the street""",11/2017
"""Peavey Plaza"" 
""Minneapolis' Peavey Plaza"", Minnesota","Peavey Ln, Wayzata, MN 55391",44.969616,-93.533108,https://d3n8a8pro7vhmx.cloudfront.net/cuapb/pages/270/attachments/original/1644080386/MPD_officer_who_killed_Amir_Locke_disciplined_for_controversial_2012_Occupy_MN_DRE_training.pdf?1644080386,News article,Lack of Standard Operating Procedure (SOP),"""Peavey Plaza"" 
""Minneapolis' Peavey Plaza""",02/24/2022
"Minnehaha Ave S and Lake St E, Minnesota","Avon, MN 56310",45.599386,-94.436477,https://d3n8a8pro7vhmx.cloudfront.net/cuapb/pages/1461/attachments/original/1638151617/13-31237_Lehner_Part_2.pdf?1638151617,News article,Excessive Force,Minnehaha Ave S and Lake St E,12/04/2012
"350 5th St. - Room 130, Minneapolis, MN 55415, Minnesota","350 S 5th St 130, Minneapolis, MN 55415",44.976646,-93.265898,https://assets.nationbuilder.com/cuapb/pages/1509/attachments/original/1753847144/17-05038_Michael_Osbeck_Jr.pdf?1753847144,News article,Lack of Standard Operating Procedure (SOP),"350 5th St. - Room 130, Minneapolis, MN 55415","January 03, 2017"
"S 9th St and Nicollet Mall, Minnesota","9th St and Nicollet St, Nicollet, MN 56074",44.268992,-94.18357,https://d3n8a8pro7vhmx.cloudfront.net/cuapb/pages/1461/attachments/original/1638150728/13-31131_Lehner_Part_2.pdf?1638150728,News article,Disorderly Conduct,S 9th St and Nicollet Mall,
"1515 4th St S, Minneapolis, Minnesota","1515 4th St S, Minneapolis, MN 55454",44.969773,-93.249177,https://assets.nationbuilder.com/cuapb/pages/1509/attachments/original/1753849724/19-06069_Lamandre_Wright.pdf?1753849724,News article,Excessive Force,"1515 4th St S, Minneapolis",04/24/2019
"MN Correctional Facility - St. Cloud, Minnesota","Saint Cloud, MN 56301",45.519196,-94.330619,https://assets.nationbuilder.com/cuapb/pages/1472/attachments/original/1670604028/Nielsen_Robert_Controlled_Substance_Felony_Conviction_Register_of_Actions.pdf?1670604028,News article,Other,MN Correctional Facility - St. Cloud,02/16/2007
"MN Correctional Facility - St. Cloud, Minnesota","Saint Cloud, MN 56301",45.519196,-94.330619,https://assets.nationbuilder.com/cuapb/pages/1472/attachments/original/1670569746/Mindrup_Conviction_Register_of_Actions.pdf?1670569746,News article,Sexual misconduct,MN Correctional Facility - St. Cloud,08/31/2013
"Mpls.-St. Paul International Airport, Minnesota","Saint Paul, MN 55101",44.951483,-93.090649,https://d3n8a8pro7vhmx.cloudfront.net/cuapb/pages/1461/attachments/original/1638398463/14-17327_Snyder.pdf?1638398463,News article,Lack of Standard Operating Procedure (SOP),Mpls.-St. Paul International Airport,"October 24, 2013"
"""Portland Ave and 5th Avenue South from about Lake Street"" 
""East 36th Street"", Minnesota","Avon, MN 56310",45.599386,-94.436477,https://assets.nationbuilder.com/cuapb/pages/1509/attachments/original/1753847557/18-03974_Lucas_Oachs.pdf?1753847557,News article,Lack of Standard Operating Procedure (SOP),"""Portland Ave and 5th Avenue South from about Lake Street"" 
""East 36th Street""","February 17, 2018"
"3000 Minnehaha Ave S, Minnesota","Avon, MN 56310",45.599386,-94.436477,https://d3n8a8pro7vhmx.cloudfront.net/cuapb/pages/1461/attachments/original/1638332523/13-31105_Novak_Part_1.pdf?1638332523,News article,Lack of Standard Operating Procedure (SOP),3000 Minnehaha Ave S,"July 2012 
December 2011"
"""905 St. Anthony Ave."", Minnesota","Saint Anthony, MN 55418",45.020521,-93.218002,https://d3n8a8pro7vhmx.cloudfront.net/cuapb/pages/270/attachments/original/1615680635/2018_St._Paul_police_release_body-cam_footage_in_fatal_shooting_of_William_Hughes.pdf?1615680635,News article,Excessive Force,"""905 St. Anthony Ave.""","August 17, 2018"
"""13.43"", Minnesota",Minnesota,46.316134,-94.19948,https://d3n8a8pro7vhmx.cloudfront.net/cuapb/pages/1461/attachments/original/1638332518/13-31105_Novak_Part_2.pdf?1638332518,News article,Lack of Standard Operating Procedure (SOP),"""13.43""","October 12th, 2011 
October 19th, 2011 
November 3rd, 2011 
November 14th, 2011 
November 18th, 2011 
December 11th, 2011"
"2109 Chicago Avenue South, Minnesota","Avon, MN 56310",45.599386,-94.436477,https://d3n8a8pro7vhmx.cloudfront.net/cuapb/pages/1461/attachments/original/1638150704/13-31131_Lehner_Part_4.pdf?1638150704,News article,Excessive Force,2109 Chicago Avenue South,
"43rd Av and Morgan Av N, Minnesota","3rd St, Morgan, MN 56266",44.413095,-94.919888,https://d3n8a8pro7vhmx.cloudfront.net/cuapb/pages/1461/attachments/original/1638033680/13-32434_Barze_Part_2.pdf?1638033680,News article,Excessive Force,43rd Av and Morgan Av N,11/15/2013
"""Winnetka and Medicine Lake Road"", Minnesota","Madison Lake, MN 56063",44.17886,-93.81551,https://d3n8a8pro7vhmx.cloudfront.net/cuapb/pages/270/attachments/original/1632227811/2020-Cole_Horner_-_City_of_Crystal.pdf?1632227811,News article,Disorderly Conduct,"""Winnetka and Medicine Lake Road""",06/13/2018
"""4119 Dupont Avenue North""
""2109 Chicago Avenue"", Minnesota","Avon, MN 56310",45.599386,-94.436477,https://d3n8a8pro7vhmx.cloudfront.net/cuapb/pages/1461/attachments/original/1638150697/13-31131_Lehner_Part_3.pdf?1638150697,News article,Excessive Force,"""4119 Dupont Avenue North""
""2109 Chicago Avenue""",08/12/2012
"Cedar Avenue, south Minneapolis, Minnesota","County Rd 152, Minneapolis, MN 55417",44.899162,-93.247314,https://d3n8a8pro7vhmx.cloudfront.net/cuapb/pages/1461/attachments/original/1638083926/14-13398_Dean_Part_4.pdf?1638083926,News article,Lack of Standard Operating Procedure (SOP),"Cedar Avenue, south Minneapolis",05/04/2014
"""Northeast Minneapolis"", Minnesota","North Rd NE, Circle Pines, MN 55014",45.153079,-93.15471,https://assets.nationbuilder.com/cuapb/pages/1509/attachments/original/1753852627/18-14316_Michael_Manley-Investigatory_Report_1.pdf?1753852627,News article,Disorderly Conduct,"""Northeast Minneapolis""",04/24/2018
"""Northeast Minneapolis"", Minnesota","North Rd NE, Circle Pines, MN 55014",45.153079,-93.15471,https://d3n8a8pro7vhmx.cloudfront.net/cuapb/pages/270/attachments/original/1614608233/Kroll_Clout_of_Minneapolis_Police_Union_Boss_Reflects_National_Trend_-_WSJ.pdf?1614608233,News article,Excessive Force,"""Northeast Minneapolis""",05/25/2020
"Lake Street/Girard Avenue intersection, Minnesota","Lake St, Winton, MN 55796",47.924362,-91.799323,https://d3n8a8pro7vhmx.cloudfront.net/cuapb/pages/1461/attachments/original/1638148964/14-15471_Kocher_Part_2.pdf?1638148964,News article,Disorderly Conduct,Lake Street/Girard Avenue intersection,07/19/2014
"1600 1st Avenue South, Minneapolis, Minnesota","1600 1st Ave S, Minneapolis, MN 55403",44.967107,-93.27685,https://assets.nationbuilder.com/cuapb/pages/1509/attachments/original/1753847363/17-11259_Daniel_McCafferty.pdf?1753847363,News article,Lack of Standard Operating Procedure (SOP),"1600 1st Avenue South, Minneapolis","April 20, 2017"
"E. Lake St./Cedar Ave, Minnesota","Cedar, MN 55011",45.341448,-93.235026,https://d3n8a8pro7vhmx.cloudfront.net/cuapb/pages/1461/attachments/original/1638401845/14-24712_Stewart.pdf?1638401845,News article,Excessive Force,E. Lake St./Cedar Ave,10/23/2014
"Elixir, a downtown Minneapolis nightclub., Minnesota","Minneapolis, MN 55401",44.984577,-93.269097,https://d3n8a8pro7vhmx.cloudfront.net/cuapb/pages/270/attachments/original/1615673383/Newton_v._Walker_USCOURTS-mnd-0_11-cv-01499-0.pdf?1615673383,News article,Excessive Force,"Elixir, a downtown Minneapolis nightclub.",07/04/2010
"3731 Morgan Avenue North, Minneapolis, Minnesota","3731 Morgan Ave N, Minneapolis, MN 55412",45.022792,-93.304639,https://d3n8a8pro7vhmx.cloudfront.net/cuapb/pages/270/attachments/original/1626308140/Jordan-finalreport-2019.pdf?1626308140,News article,Excessive Force,"3731 Morgan Avenue North, Minneapolis","November 9, 2018"
"350 S. Fifth St. - Room 130 Minneapolis, MN 55415, Minnesota","350 S 5th St 130, Minneapolis, MN 55415",44.976646,-93.265898,https://assets.nationbuilder.com/cuapb/pages/1509/attachments/original/1753847471/17-21996_James_Burns.pdf?1753847471,News article,Lack of Standard Operating Procedure (SOP),"350 S. Fifth St. - Room 130 Minneapolis, MN 55415",08/27/2017
"400 South 4th Street Room 1004 Minneapolis MN 55415-1424, Minnesota","400 S 4th St 1004, Minneapolis, MN 55415",44.977545,-93.263645,https://d3n8a8pro7vhmx.cloudfront.net/cuapb/pages/270/attachments/original/1596607018/05-2251_Milner.pdf?1596607018,News article,Excessive Force,400 South 4th Street Room 1004 Minneapolis MN 55415-1424,7/3/2010
"""TCF Bank Stadium, Minneapolis"", Minnesota","Minneapolis, MN 55401",44.984577,-93.269097,https://d3n8a8pro7vhmx.cloudfront.net/cuapb/pages/1461/attachments/original/1638417114/14-22623_Wilks.pdf?1638417114,News article,Lack of Standard Operating Procedure (SOP),"""TCF Bank Stadium, Minneapolis""",11/2/2014
"McNair Avenue/Penn Avenue 
Camden Ave, Minnesota","Avon, MN 56310",45.599386,-94.436477,https://d3n8a8pro7vhmx.cloudfront.net/cuapb/pages/1461/attachments/original/1638130686/14-21688_Gregory_Part_2.pdf?1638130686,News article,Lack of Standard Operating Procedure (SOP),"McNair Avenue/Penn Avenue 
Camden Ave","11/24/2014
12/01/2014
12/09/2014"
"""Minneapolis Police Department"", Minnesota","Minneapolis, MN 55401",44.984577,-93.269097,https://d3n8a8pro7vhmx.cloudfront.net/cuapb/pages/270/attachments/original/1615993310/Mpls._will_settle_with_K-9_officer_who_complained_of_harassment_by_supervisor_-_StarTribune.com.pdf?1615993310,News article,Discrimination,"""Minneapolis Police Department""",12/17/2019
"""Minneapolis Police Department"", Minnesota","Minneapolis, MN 55401",44.984577,-93.269097,https://d3n8a8pro7vhmx.cloudfront.net/cuapb/pages/270/attachments/original/1615987486/2008Roberts_Minneapolis_cop_indicted_on_corruption_charges.pdf?1615987486,News article,Corruption,"""Minneapolis Police Department""",07/14/2008
"""Minneapolis Police Department"", Minnesota","Minneapolis, MN 55401",44.984577,-93.269097,https://d3n8a8pro7vhmx.cloudfront.net/cuapb/pages/270/attachments/original/1618168204/Cop_Gets__585K_After_Colleagues_Snooped_on_Her_DMV_Data___WIRED.pdf?1618168204,News article,Verbal Abuse,"""Minneapolis Police Department""",04/11/2021
"""Minneapolis Police Department"", Minnesota","Minneapolis, MN 55401",44.984577,-93.269097,https://d3n8a8pro7vhmx.cloudfront.net/cuapb/pages/270/attachments/original/1617895196/USCOURTS-mnd-0_14-cv-01467-0.pdf?1617895196,News article,Excessive Force,"""Minneapolis Police Department""",05/10/2013
"350 South 5th Street- Room 130 
4119 DuPont Avenue North, Minnesota","350 5th St NW, Avon, MN 56310",45.615061,-94.450443,https://d3n8a8pro7vhmx.cloudfront.net/cuapb/pages/270/attachments/original/1629744423/Dylan-Pearson-Public-Personnel-File---redacted.pdf?1629744423,News article,Lack of Standard Operating Procedure (SOP),"350 South 5th Street- Room 130 
4119 DuPont Avenue North",04/15/2013
"4th Pct. 
430, Minnesota",Minnesota,46.316134,-94.19948,https://d3n8a8pro7vhmx.cloudfront.net/cuapb/pages/1461/attachments/original/1638130935/14-22128_Gregory_Part_2.pdf?1638130935,News article,Lack of Standard Operating Procedure (SOP),"4th Pct. 
430",09/20/2014
"""Johnson's apartment"" 
""her home""
""Johnson's apartment building""
""the scene""
""Johnson's apartment where they encountered Jareese."", Minnesota","Johnson Trl, Nerstrand, MN 55053",44.362917,-93.098038,https://d3n8a8pro7vhmx.cloudfront.net/cuapb/pages/270/attachments/original/1626640651/Scott_Buck_.pdf?1626640651,News article,Excessive Force,"""Johnson's apartment"" 
""her home""
""Johnson's apartment building""
""the scene""
""Johnson's apartment where they encountered Jareese.""",04/27/2017
"Holiday Gas Station at 24th Avenue North/Washington Avenue North, Minnesota","Washington, MN 55975",43.775797,-92.338779,https://d3n8a8pro7vhmx.cloudfront.net/cuapb/pages/1461/attachments/original/1638067883/14-02302_Boyd_Part_2.pdf?1638067883,News article,Lack of Standard Operating Procedure (SOP),Holiday Gas Station at 24th Avenue North/Washington Avenue North,12/03/2013
"1911 Central Ave NE Minneapolis MN 55418, Minnesota","1911 Central Ave NE, Minneapolis, MN 55418",45.008404,-93.246697,https://d3n8a8pro7vhmx.cloudfront.net/cuapb/pages/270/attachments/original/1596604344/04-2153_Kroll_and_Krueger_Pt_3.pdf?1596604344,News article,Disorderly Conduct,1911 Central Ave NE Minneapolis MN 55418,08/23/2005
"""A North Minneapolis apartment"", Minnesota","E A St, Saint Paul, MN 55106",44.941074,-93.025772,https://d3n8a8pro7vhmx.cloudfront.net/cuapb/pages/270/attachments/original/1613596936/Carlotta_Madison_Statement_and_City_Pages_article_re_Kroll.pdf?1613596936,News article,Excessive Force,"""A North Minneapolis apartment""",11/08/1996
"""City Hall Room 239"", Minnesota",Minnesota,46.316134,-94.19948,https://d3n8a8pro7vhmx.cloudfront.net/cuapb/pages/270/attachments/original/1638757671/OPCR_14-10235_Silva_Part_1.pdf?1638757671,News article,Lack of Standard Operating Procedure (SOP),"""City Hall Room 239""",07/27/2015
"Anoka County Attorney's Office
Anoka County Jail 
Sheriff's Office 

Note: These locations appear to be in Anoka, Minnesota., Minnesota","Anoka St NE, Minneapolis, MN 55432",45.092434,-93.231492,https://d3n8a8pro7vhmx.cloudfront.net/cuapb/pages/270/attachments/original/1632230211/2019-Steve_Carter-Anoka_County.pdf?1632230211,News article,Lack of Standard Operating Procedure (SOP),"Anoka County Attorney's Office
Anoka County Jail 
Sheriff's Office 

Note: These locations appear to be in Anoka, Minnesota.",12/30/2019
"""A multi-unit apartment building"", Minnesota",Minnesota,46.316134,-94.19948,https://assets.nationbuilder.com/cuapb/pages/1509/attachments/original/1753848032/19-03501_Ashley_Bergersen.pdf?1753848032,News article,Lack of Standard Operating Procedure (SOP),"""A multi-unit apartment building""",03/03/2019
"350 South 5th Street - Room 130 Minneapolis MN 55415-1389, Minnesota","350 S 5th St 130, Minneapolis, MN 55415",44.976646,-93.265898,https://d3n8a8pro7vhmx.cloudfront.net/cuapb/pages/270/attachments/original/1596604640/08-2565_Newman_Pt_1.pdf?1596604640,News article,Excessive Force,350 South 5th Street - Room 130 Minneapolis MN 55415-1389,10/25/2010
"350 South Fifth Street, City Hall, Suite 210, Minneapolis, MN 55415, Minnesota","350 S 5th St, Ste 210, Minneapolis, MN 55415",44.976646,-93.265898,https://d3n8a8pro7vhmx.cloudfront.net/cuapb/pages/1461/attachments/original/1638416093/13-26995_Warnberg_Part_4.pdf?1638416093,News article,Lack of Standard Operating Procedure (SOP),"350 South Fifth Street, City Hall, Suite 210, Minneapolis, MN 55415","October 23, 2014"
"Highway 252 & Brookdale Dr., Brooklyn Park, MN, Minnesota","Brookdale Dr N, Minneapolis, MN 55443",45.097366,-93.321789,https://d3n8a8pro7vhmx.cloudfront.net/cuapb/pages/1461/attachments/original/1638330569/15-14287_Muridi_and_Reiter.pdf?1638330569,News article,Lack of Standard Operating Procedure (SOP),"Highway 252 & Brookdale Dr., Brooklyn Park, MN",07-14-2015
"""4th Precinct"", Minnesota",Minnesota,46.316134,-94.19948,https://d3n8a8pro7vhmx.cloudfront.net/cuapb/pages/1461/attachments/original/1638130302/14-17829_Gregory_Part_1.pdf?1638130302,News article,Disorderly Conduct,"""4th Precinct""",08/15/2014
"300 5th Ave S, Mpls, Minnesota","300 5th St NW S, Avon, MN 56310",45.615064,-94.450132,https://d3n8a8pro7vhmx.cloudfront.net/cuapb/pages/1461/attachments/original/1638121660/14-25928_Foster.pdf?1638121660,News article,Disorderly Conduct,"300 5th Ave S, Mpls",05/21/2014
"1317 NE Marshall Street and 1314 NE Marshall Street at 13th Street., Minnesota","1402 Marshall St, Crookston, MN 56716",47.761337,-96.616837,https://d3n8a8pro7vhmx.cloudfront.net/cuapb/pages/270/attachments/original/1596604391/04-2153_Kroll_and_Krueger_Pt_5.pdf?1596604391,News article,Disorderly Conduct,1317 NE Marshall Street and 1314 NE Marshall Street at 13th Street.,09/07/2004
"333 South Seventh Street, Suite 300 
150 South Fifth Street, Suite 3475 
200 Coon Rapids Boulevard, Minnesota","333 South Rd, Ste 3475, Circle Pines, MN 55014",45.148365,-93.143456,https://d3n8a8pro7vhmx.cloudfront.net/cuapb/pages/270/attachments/original/1626625963/a041050scA.pdf?1626625963,News article,Other,"333 South Seventh Street, Suite 300 
150 South Fifth Street, Suite 3475 
200 Coon Rapids Boulevard",
"""1st Ave N and 6th St N in Minneapolis"", Minnesota","N 1st Ave and N 6th St, Minneapolis, MN 55403",44.979605,-93.274833,https://d3n8a8pro7vhmx.cloudfront.net/cuapb/pages/270/attachments/original/1638757630/OPCR_14-10235_Silva_Part_6.pdf?1638757630,News article,Lack of Standard Operating Procedure (SOP),"""1st Ave N and 6th St N in Minneapolis""",04/09/2014
"350 South 5th Street, Mpls 
4119 Dupont Av N, Minneapolis, Minnesota","350 S 5th St N, Minneapolis, MN 55415",44.976646,-93.265898,https://d3n8a8pro7vhmx.cloudfront.net/cuapb/pages/1461/attachments/original/1638073540/14-17834_Callaway_Part_1.pdf?1638073540,News article,Lack of Standard Operating Procedure (SOP),"350 South 5th Street, Mpls 
4119 Dupont Av N, Minneapolis",07/19/2014
"350 South 5th Street, Minneapolis, Minnesota, Minnesota","350 S 5th St, Minneapolis, MN 55415",44.976646,-93.265898,https://d3n8a8pro7vhmx.cloudfront.net/cuapb/pages/270/attachments/original/1631802331/2021-Mohamud_Jama-_City_of_Minneapolis.pdf?1631802331,News article,Other,"350 South 5th Street, Minneapolis, Minnesota",04/09/2021
"1300 Block of Marshall Avenue, NE, Minnesota","1201 Lake Rd, Marshall, MN 56258",44.463758,-95.805678,https://d3n8a8pro7vhmx.cloudfront.net/cuapb/pages/270/attachments/original/1596604408/04-2153_Kroll_and_Krueger_Pt_6.pdf?1596604408,News article,Disorderly Conduct,"1300 Block of Marshall Avenue, NE","June 9, 2004"
"Marquette Place, Minnesota","Marquette Rd, Markesan, WI 53946",43.71739,-89.106179,https://d3n8a8pro7vhmx.cloudfront.net/cuapb/pages/270/attachments/original/1592575102/Jones_Suit_Against_MPD_Zimmerman_Wuorinin_Lazarchic_Downing.pdf?1592575102,News article,Disorderly Conduct,Marquette Place,11/22/2002
"""South Minneapolis"", Minnesota","South St, Minneapolis, MN 55433",45.190272,-93.368512,https://d3n8a8pro7vhmx.cloudfront.net/cuapb/pages/270/attachments/original/1615510562/Woman_alleges_excessive_force_used_in_2016_traffic_stop_in_Minneapolis_-_StarTribune.com.pdf?1615510562,News article,Excessive Force,"""South Minneapolis""",07/17/2016
"""South Minneapolis"", Minnesota","South St, Minneapolis, MN 55433",45.190272,-93.368512,https://d3n8a8pro7vhmx.cloudfront.net/cuapb/pages/270/attachments/original/1614281070/Minneapolis_cop_told_Somali_American_teens_he_was_proud_U.S._troops_killed_%E2%80%98you_folk%E2%80%99_in_Mogadishu_.pdf?1614281070,News article,Discrimination,"""South Minneapolis""",2/25/2021
"4551 Camden Ave. N., Minnesota","Avon, MN 56310",45.599386,-94.436477,https://d3n8a8pro7vhmx.cloudfront.net/cuapb/pages/1461/attachments/original/1638130693/14-21688_Gregory_Part_1.pdf?1638130693,News article,Lack of Standard Operating Procedure (SOP),4551 Camden Ave. N.,10/04/2014
"350 South 5th Street - Room 130 Minneapolis MN 55415-1369, Minnesota","350 S 5th St 130, Minneapolis, MN 55415",44.976646,-93.265898,https://d3n8a8pro7vhmx.cloudfront.net/cuapb/pages/270/attachments/original/1596611354/09-2696_O'Connor_and_Anderson.pdf?1596611354,News article,Lack of Standard Operating Procedure (SOP),350 South 5th Street - Room 130 Minneapolis MN 55415-1369,03/25/2012
"""Broadway and Penn"" 
""Vincent Avenue North just south of Plymouth Avenue North"", Minnesota","N Penn Ave and W Broadway Ave, Minneapolis, MN 55411",45.003875,-93.308216,https://d3n8a8pro7vhmx.cloudfront.net/cuapb/pages/270/attachments/original/1596604660/08-2565_Newman_Pt_2.pdf?1596604660,News article,Excessive Force,"""Broadway and Penn"" 
""Vincent Avenue North just south of Plymouth Avenue North""",04/08/2009
"""1st and 6th intersection""
""The First Precinct Station""
""Hennepin County Jail"", Minnesota","1st St, Frost, MN 56033",43.583673,-93.922906,https://d3n8a8pro7vhmx.cloudfront.net/cuapb/pages/270/attachments/original/1638757699/OPCR_14-10235_Silva_Part_3.pdf?1638757699,News article,Lack of Standard Operating Procedure (SOP),"""1st and 6th intersection""
""The First Precinct Station""
""Hennepin County Jail""",04/09/2014
"Lino Lakes, Minnesota, Minnesota","Lino Lakes, MN 55014",45.160244,-93.088832,https://d3n8a8pro7vhmx.cloudfront.net/cuapb/pages/270/attachments/original/1632229809/2020-Peter_Noll-_Lino_Lakes.pdf?1632229809,News article,Disorderly Conduct,"Lino Lakes, Minnesota",05/28/2020
"""85TH AVE N / EDINBROOK CROSS!"", Minnesota","5th St NW, Avon, MN 56310",45.61491,-94.451273,https://d3n8a8pro7vhmx.cloudfront.net/cuapb/pages/270/attachments/original/1581620970/OPCR_14-04997_Part_2.pdf?1581620970,News article,Disorderly Conduct,"""85TH AVE N / EDINBROOK CROSS!""",02/11/2014
"350 S. 5th Street - Room 239, Minnesota","350 S 5th St, Princeton, MN 55371",45.564163,-93.578192,https://d3n8a8pro7vhmx.cloudfront.net/cuapb/pages/270/attachments/original/1581620978/OPCR_14-04997_Part_3.pdf?1581620978,News article,Excessive Force,350 S. 5th Street - Room 239,09/08/2014
"350 South 5th Street - Room 130, Minnesota","350 S 5th St, Princeton, MN 55371",45.564163,-93.578192,https://d3n8a8pro7vhmx.cloudfront.net/cuapb/pages/270/attachments/original/1596613111/11-3046_Fairbanks.pdf?1596613111,News article,Verbal Abuse,350 South 5th Street - Room 130,01/31/2012
"350 South 5th Street - Room 130, Minnesota","350 S 5th St, Princeton, MN 55371",45.564163,-93.578192,https://d3n8a8pro7vhmx.cloudfront.net/cuapb/pages/270/attachments/original/1596609017/07-2522_Schmid.pdf?1596609017,News article,Lack of Standard Operating Procedure (SOP),350 South 5th Street - Room 130,04/12/2010
"3400 Plymouth Boulevard, Plymouth, Minnesota, Minnesota","3400 Plymouth Blvd, Minneapolis, MN 55447",45.019409,-93.474874,https://d3n8a8pro7vhmx.cloudfront.net/cuapb/pages/270/attachments/original/1632228289/2020-Heath_Bird_-_City_of_Plymouth.pdf?1632228289,News article,Disorderly Conduct,"3400 Plymouth Boulevard, Plymouth, Minnesota",03/20/2020
"Coon Rapids Police Department, Minnesota","Coon Rapids, MN 55433",45.181175,-93.309858,https://d3n8a8pro7vhmx.cloudfront.net/cuapb/pages/1461/attachments/original/1638409116/13-17306_Thole_Part_5.pdf?1638409116,News article,Lack of Standard Operating Procedure (SOP),Coon Rapids Police Department,06/26/2013
"1010 1st St S, Hopkins, Minnesota, Minnesota","1010 1st St S, Hopkins, MN 55343",44.921926,-93.413499,https://d3n8a8pro7vhmx.cloudfront.net/cuapb/pages/270/attachments/original/1632188689/2020-Lucas_Wilcox-_City_of_Hopkins.pdf?1632188689,News article,Disorderly Conduct,"1010 1st St S, Hopkins, Minnesota",07/14/2020
"""GBPD lobby"", Minnesota",Minnesota,46.316134,-94.19948,https://d3n8a8pro7vhmx.cloudfront.net/cuapb/pages/1461/attachments/original/1638409131/13-17306_Thole_Part_2.pdf?1638409131,News article,Excessive Force,"""GBPD lobby""",
"Washington St., Minnesota","Washington, MN 55975",43.775797,-92.338779,https://d3n8a8pro7vhmx.cloudfront.net/cuapb/pages/1461/attachments/original/1638335507/13-17307_Powell_Part_4.pdf?1638335507,News article,Disorderly Conduct,Washington St.,
"350 South 5th Street - Room 130, Minnesota","350 S 5th St, Princeton, MN 55371",45.564163,-93.578192,https://d3n8a8pro7vhmx.cloudfront.net/cuapb/pages/270/attachments/original/1596613111/11-3046_Fairbanks.pdf?1596613111,News article,Verbal Abuse,350 South 5th Street - Room 130,01/31/2012
"350 South 5th Street - Room 130, Minnesota","350 S 5th St, Princeton, MN 55371",45.564163,-93.578192,https://d3n8a8pro7vhmx.cloudfront.net/cuapb/pages/270/attachments/original/1596609017/07-2522_Schmid.pdf?1596609017,News article,Lack of Standard Operating Procedure (SOP),350 South 5th Street - Room 130,04/12/2010
"""Green Bay Police Department"", Minnesota","Crown, MN 55005",45.396107,-93.218465,https://d3n8a8pro7vhmx.cloudfront.net/cuapb/pages/1461/attachments/original/1638335500/13-17307_Powell_Part_3.pdf?1638335500,News article,Disorderly Conduct,"""Green Bay Police Department""",06/29/2013
"""46th and Lyndale North""
""46th and Bryant"", Minnesota","Lyndale, MN 55359",44.982463,-93.731908,https://d3n8a8pro7vhmx.cloudfront.net/cuapb/pages/270/attachments/original/1625846859/blevins-report.pdf?1625846859,News article,Excessive Force,"""46th and Lyndale North""
""46th and Bryant""","June 23, 2018"
"""Washington Avenue in North Minneapolis"", Minnesota","Washington Ave SE, Minneapolis, MN 55414",44.973654,-93.223308,https://d3n8a8pro7vhmx.cloudfront.net/cuapb/pages/1461/attachments/original/1638416086/13-26995_Warnberg_Part_3.pdf?1638416086,News article,Sexual misconduct,"""Washington Avenue in North Minneapolis""",11/15/2013
"2322 Washington Avenue N., Minneapolis, Minnesota","2322 Washington Ave N, Minneapolis, MN 55411",45.003415,-93.281345,https://d3n8a8pro7vhmx.cloudfront.net/cuapb/pages/1461/attachments/original/1638416099/13-26995_Warnberg_Part_1.pdf?1638416099,News article,Sexual misconduct,"2322 Washington Avenue N., Minneapolis",10/21/2014
"Sardine Can Bar, Minnesota","Barry, MN 56210",45.559291,-96.558886,https://d3n8a8pro7vhmx.cloudfront.net/cuapb/pages/1461/attachments/original/1638409108/13-17306_Thole_Part_4.pdf?1638409108,News article,Disorderly Conduct,Sardine Can Bar,
"1-94 near Hwy 55 and also near Lowry Avenue., Minnesota","State Highway 55, Lowry, MN 56349",45.721667,-95.547629,https://assets.nationbuilder.com/cuapb/pages/1509/attachments/original/1753849739/19-04971_Michael_Nelson.pdf?1753849739,News article,Excessive Force,1-94 near Hwy 55 and also near Lowry Avenue.,"December 29, 2018"
"""Hy-Vee"", Minnesota",Minnesota,46.316134,-94.19948,https://d3n8a8pro7vhmx.cloudfront.net/cuapb/pages/270/attachments/original/1617981852/Daniel_Best_2_.pdf?1617981852,News article,Excessive Force,"""Hy-Vee""",11/28/2017
"Main Street, Minnesota","Wyman, MN 55750",47.532424,-92.107672,https://d3n8a8pro7vhmx.cloudfront.net/cuapb/pages/270/attachments/original/1632189461/2020-Matthew_Aish-Columbia_Heights.pdf?1632189461,News article,Excessive Force,Main Street,10/27/2019
"""1809 Northwestern Avenue, Stillwater, MN 55082""
""2700 Freeway Blvd. Suite 700, Brooklyn Center, MN 55430""
""Chisago County Law Enforcement Center"", Minnesota","1809 Northwestern Ave, Ste 700, Stillwater, MN 55082",45.040129,-92.827644,https://d3n8a8pro7vhmx.cloudfront.net/cuapb/pages/270/attachments/original/1632189723/2020-Anthony_Zerwas-City_of_Wyoming.pdf?1632189723,News article,Lack of Standard Operating Procedure (SOP),"""1809 Northwestern Avenue, Stillwater, MN 55082""
""2700 Freeway Blvd. Suite 700, Brooklyn Center, MN 55430""
""Chisago County Law Enforcement Center""",08/24/2020
"Woodbury, MN 55129, Minnesota","Saint Paul, MN 55129",44.883474,-92.892768,https://assets.nationbuilder.com/cuapb/pages/1472/attachments/original/1670219724/Kratzke_Lori_Theft_Conviction_Register_of_Actions.pdf?1670219724,News article,Other,"Woodbury, MN 55129",09/05/2006
"""Holiday gas station"", Minnesota",Minnesota,46.316134,-94.19948,https://d3n8a8pro7vhmx.cloudfront.net/cuapb/pages/1461/attachments/original/1638416108/13-26995_Warnberg_Part_2.pdf?1638416108,News article,Sexual misconduct,"""Holiday gas station""",12/17/2014
"""Osseo City Hall"", Minnesota","Holly Ln, Osseo, MN 55311",45.139444,-93.497437,https://assets.nationbuilder.com/cuapb/pages/1472/attachments/original/1669315180/18.04.09__Council_Minutes_Hemminger_Resignation.pdf?1669315180,News article,Other,"""Osseo City Hall""",04/09/2018
